transaction_id,account_id,status,approved_at,created_at
e481f51cbdc54678b7cc49136f2d6af7,14409,approved,2017-10-02 10:56:33,2017-10-02 11:07:15
53cdb2fc8bc7dce0b6741e2150273451,9790,approved,2018-07-24 20:41:37,2018-07-26 3:24:27
47770eb9100c2d0c44946d9cf07ec65d,1151,approved,2018-08-08 8:38:49,2018-08-08 8:55:23
949d5b44dbf5de918fe9c16f97b45f8a,8775,approved,2017-11-18 19:28:06,2017-11-18 19:45:59
ad21c59c0840e6cb83a9ceb5573f8159,13056,approved,2018-02-13 21:18:39,2018-02-13 22:20:29
a4591c265e18cb1dcee52889e2d8acc3,89254,approved,2017-07-09 21:57:05,2017-07-09 22:10:13
136cce7faa42fdb2cefd53fdc79a6098,4534,approved,2017-04-11 12:22:08,2017-04-13 13:25:17
6514b8ad8028c9f2cc2374ded245783f,35182,approved,2017-05-16 13:10:30,2017-05-16 13:22:11
76c6e866289321a7c93b82b54852dc33,81560,approved,2017-01-23 18:29:09,2017-01-25 2:50:47
e69bfb5eb88e0ed6a785585b27e16dbf,30575,approved,2017-07-29 11:55:02,2017-07-29 12:05:32
e6ce16cb79ec1d90b1da9085a6118aeb,39400,approved,2017-05-16 19:41:10,2017-05-16 19:50:18
34513ce0c4fab462a55830c0989c7edb,20231,approved,2017-07-13 19:58:11,2017-07-13 20:10:08
82566a660a982b15fb86e904c8d32918,18682,approved,2018-06-07 10:06:19,2018-06-09 3:13:12
5ff96c15d0b717ac6ad1f3d77225a350,5704,approved,2018-07-25 17:44:10,2018-07-25 17:55:14
432aaf21d85167c2c86ec9448c4e42cc,95110,canceled,2018-03-01 14:14:28,2018-03-01 15:10:47
dcb36b511fcac050b97cd5c05de84dc3,13412,approved,2018-06-07 19:03:12,2018-06-12 23:31:02
403b97836b0c04a622354cf531062e5f,22750,approved,2018-01-02 19:00:43,2018-01-02 19:09:04
116f0b09343b49556bbad5f35bee0cdf,7124,approved,2017-12-26 23:41:31,2017-12-26 23:50:22
85ce859fd6dc634de8d2f1e290444043,5416,approved,2017-11-21 0:03:41,2017-11-21 0:14:22
83018ec114eee8641c97e08f7b4e926f,68485,approved,2017-10-26 15:54:26,2017-10-26 16:08:14
203096f03d82e0dffbc41ebc2e2bcfb7,88034,approved,2017-09-18 14:31:30,2017-09-19 4:04:09
f848643eec1d69395095eb3840d2051e,74914,approved,2018-03-15 8:52:40,2018-03-15 9:09:31
2807d0e504d6d4894d41672727bc139f,5713,approved,2018-02-03 20:37:35,2018-02-03 20:50:22
95266dbfb7e20354baba07964dac78d5,82820,approved,2018-01-08 7:55:29,2018-01-08 8:07:31
f3e7c359154d965827355f39d6b1fdac,8225,approved,2018-08-09 11:44:40,2018-08-10 3:24:51
fbf9ac61453ac646ce8ad9783d7d0af6,9121,approved,2018-02-20 23:46:53,2018-02-22 2:30:46
acce194856392f074dbf9dada14d8d82,74310,approved,2018-06-04 0:00:13,2018-06-05 0:35:10
dd78f560c270f1909639c11b925620ea,4571,approved,2018-03-12 1:50:26,2018-03-12 3:28:34
91b2a010e1e45e6ba3d133fa997597be,29311,approved,2018-05-02 11:45:38,2018-05-03 12:55:01
ecab90c9933c58908d3d6add7c6f5ae3,5528,approved,2018-02-25 13:50:30,2018-02-25 14:47:35
f70a0aff17df5a6cdd9a7196128bd354,12235,approved,2017-08-10 11:58:33,2017-08-12 2:45:24
1790eea0b567cf50911c057cf20f90f9,18130,approved,2018-04-16 21:15:39,2018-04-16 22:10:26
989225ba6d0ebd5873335f7e01de2ae7,42800,approved,2017-12-12 13:56:04,2017-12-14 13:54:13
d887b52c6516beb39e8cd44a5f8b60f7,27525,approved,2018-02-03 12:38:58,2018-02-03 12:50:30
b276e4f8c0fb86bd82fce576f21713e0,81750,approved,2018-07-29 23:34:51,2018-07-29 23:45:15
8563039e855156e48fccee4d611a3196,13175,approved,2018-02-17 15:59:46,2018-02-17 16:15:34
60550084e6b4c0cb89a87df1f3e5ebd9,7170,approved,2018-02-21 18:15:12,2018-02-23 2:10:52
5acce57f8d9dfd55fa48e212a641a69d,93415,approved,2017-07-31 21:37:10,2017-08-02 2:56:02
434d158e96bdd6972ad6e6d73ddcfd22,65075,approved,2018-06-01 12:23:13,2018-06-05 3:35:15
7206b86ea789983f7a273ea7fa0bc2a8,88104,approved,2018-03-26 17:12:18,2018-03-26 17:28:27
1e7aff52cdbb2451ace09d0f848c3699,7176,approved,2017-05-19 18:53:40,2017-05-19 19:05:17
6ea2f835b4556291ffdc53fa0b3b95e8,35960,approved,2017-11-24 21:27:48,2017-11-25 0:21:09
948097deef559c742e7ce321e5e58919,5727,approved,2017-08-04 17:10:39,2017-08-04 17:25:11
d22e9fa5731b9e30e8b27afcdc2f8563,7053,approved,2018-08-04 23:25:30,2018-08-04 23:35:13
ee64d42b8cf066f35eac1cf57de1aa85,14026,approved,2018-06-04 16:44:48,2018-06-05 4:31:18
6ebaec694d7025e2ad4a05dba887c032,30320,approved,2017-05-18 13:55:47,2017-05-18 14:05:17
d17dc4a904426827ca80f2ccb3a6be56,38300,approved,2017-05-14 20:28:25,2017-05-14 20:42:45
25f4376934e13d3508486352e11a5db0,18740,approved,2018-05-17 16:59:11,2018-05-18 1:17:39
5820a1100976432c7968a52da59e9364,83085,approved,2018-07-29 11:24:17,2018-07-29 11:44:19
2ce1ad82022c1ba30c2079502ac725aa,89254,approved,2017-08-09 20:19:05,2017-08-11 4:15:29
138849fd84dff2fb4ca70a0a34c4aa1c,5351,approved,2018-02-01 14:02:19,2018-02-03 2:53:07
47aa4816b27ba60ec948cd019cc1afc1,39406,approved,2018-06-26 13:42:52,2018-06-27 8:35:32
9faeb9b2746b9d7526aef5acb08e2aa0,14860,approved,2018-07-26 14:39:59,2018-07-26 14:55:10
641fb0752bf5b5940c376b3a8bb9dc52,21310,approved,2017-12-15 0:06:10,2017-12-15 0:14:55
e425680f760cbc130be3e53a9773c584,23970,approved,2017-08-31 8:15:24,2017-08-31 8:30:17
40c5e18f7d112b59b3e5113a59a905b3,79804,approved,2018-06-11 10:25:52,2018-06-11 10:58:32
734e7d1bbaeb2ff82521ca0fe6fb6f79,5017,approved,2018-06-11 8:18:19,2018-06-11 8:31:50
66e4624ae69e7dc89bd50222b59f581f,75388,approved,2018-03-09 14:50:15,2018-03-09 15:40:39
a685d016c8a26f71a0bb67821070e398,85808,approved,2017-03-13 18:14:36,2017-03-13 18:14:36
2edfd6d1f0b4cd0db4bf37b1b224d855,60140,approved,2017-06-13 21:11:26,2017-06-15 3:05:45
68873cf91053cd11e6b49a766db5af1a,72270,approved,2017-11-30 22:02:15,2017-12-02 2:51:18
f346ad4ee8f630e5e4ddaf862a34e6dd,2075,approved,2018-08-05 13:09:48,2018-08-05 13:24:34
8f06cc6465925031568537b815f1198d,96015,approved,2017-11-15 11:31:41,2017-11-15 11:46:42
ccbabeb0b02433bd0fcbac46e70339f2,90010,approved,2018-02-19 20:31:09,2018-02-21 6:15:25
688052146432ef8253587b930b01a06d,22440,approved,2018-04-22 8:48:13,2018-04-24 18:25:22
f271576bed568e896f99eb710cd3a6f8,13323,approved,2018-01-07 21:44:54,2018-01-07 21:51:28
686541986ecfb7d9296eb67719973bf0,30190,approved,2018-02-10 13:26:59,2018-02-10 13:35:31
68e48e68da1f50f7c5838ea75e3a20dd,13212,approved,2018-06-18 16:02:23,2018-06-18 17:00:57
b52cc4919de82b4d696a4380d10804a3,29307,approved,2018-06-13 13:47:39,2018-06-15 2:37:29
fdf128b3630c21adc9ca4fb8a51b68ec,12280,approved,2018-07-15 8:33:19,2018-07-16 14:31:10
a6aeb116d2cb5013eb8a94585b71ffef,60336,approved,2017-09-13 14:27:11,2017-09-13 14:44:39
fa516182d28f96f5f5c651026b0749ee,11310,approved,2018-04-13 8:44:17,2018-04-13 13:30:02
6abaad69b8b349c3a529b4b91ce18e46,38408,approved,2018-02-15 10:33:30,2018-02-15 10:47:59
974c1993ab8024d3ed16229183c2308d,37720,approved,2017-02-20 11:45:39,2017-02-22 3:10:20
82bce245b1c9148f8d19a55b9ff70644,24431,approved,2017-04-20 17:15:46,2017-04-21 5:15:56
a910f58086d58b3ae6f37aa712d377b9,5890,approved,2017-09-15 9:19:48,2017-09-15 9:35:18
bd4bd0194d6d29f83b8557d4b89b572a,3733,approved,2018-07-28 16:52:55,2018-07-31 3:50:24
634e8f4c0f6744a626f77f39770ac6aa,83709,approved,2017-08-09 18:32:47,2017-08-09 18:45:18
6d25592267349b322799e2beb687871e,11347,approved,2018-08-26 22:04:34,2018-08-28 4:10:18
b8801cccd8068de30112e4f49903d74a,26272,approved,2017-07-30 3:06:35,2017-07-30 3:25:08
2711a938db643b3f0b62ee2c8a2784aa,5415,approved,2017-12-22 0:17:37,2017-12-23 2:15:31
3bc77ce8be27211bac313c2daa402d1a,59655,approved,2017-04-06 22:39:29,2017-04-06 22:50:24
10c320f977c6a18f91b2d14be13128c6,4548,approved,2017-05-09 20:48:59,2017-05-09 21:02:45
0a4a2fccb27bd83a892fa503987a595b,28010,approved,2017-04-20 20:42:44,2017-04-20 20:55:09
e4de6d53ecff736bc68804b0b6e9f635,13573,approved,2017-10-16 14:56:50,2017-10-17 3:49:34
6b860b35691d486e45dc98e3514ec5f6,2175,approved,2017-12-08 9:42:43,2017-12-09 2:49:54
ec341c54a5ebf8ee0a67a8632aa7579b,37500,approved,2017-08-26 16:53:30,2017-08-27 17:04:12
cadbb3657dac2dbbd5b84b12e7b78aad,90670,approved,2018-02-27 12:55:42,2018-03-01 2:48:54
9defaf92cff22420e4e8ef7784815a55,9890,approved,2018-05-11 13:10:51,2018-05-11 13:36:50
20e0101b20700188cadb288126949685,13321,approved,2018-01-22 19:22:22,2018-01-22 19:36:35
0e782c3705510e717d28907746cbda82,44380,approved,2018-05-01 8:12:37,2018-05-01 8:52:58
d3d6788577c9592da441752e8a1dd5e3,27700,approved,2017-09-19 22:17:15,2017-09-20 7:55:14
86f21bf63784876b9fd6d35f46581d72,44033,approved,2018-04-11 22:32:31,2018-04-11 22:49:32
8447ff843b2616c50c0ced28ab1dae03,4537,approved,2017-12-20 23:45:07,2017-12-22 2:37:45
f169bd689fb8b32ccd62df9050aebc0b,71540,approved,2018-04-22 23:23:18,2018-04-24 19:24:14
77e9941864fc840be8e4b1ba5347c0f7,13569,approved,2018-08-03 8:59:39,2018-08-03 9:31:36
41bb5cee06dbf170878a9ef93ac7e7f5,5565,approved,2018-05-14 8:35:33,2018-05-14 8:52:24
6a0a8bfbbe700284feb0845d95e0867f,3636,approved,2017-11-22 11:32:22,2017-11-22 11:46:50
f7959f8385f34c4f645327465a1c9fc4,24120,approved,2017-03-30 7:50:33,2017-03-30 8:05:08
23f553848a03aaab35bb3f9f87725125,24120,approved,2018-06-05 9:10:34,2018-06-05 9:32:22
e3447938231fb6ba2fee0231b51eca59,14409,approved,2018-08-26 11:04:26,2018-08-26 11:15:29
e346cd9299371b18c0b28e8e29a5e376,9790,approved,2017-05-17 8:36:11,2017-05-17 8:45:09
a5474c0071dd5d1074e12d417078bbd0,1151,approved,2018-07-30 22:41:44,2018-08-01 2:50:15
0760a852e4e9d89eb77bf631eaaf1c84,8775,approved,2018-08-03 17:44:42,2018-08-07 6:15:14
bb7c5cf4dff9994daeab7c8ee9d287aa,13056,approved,2018-03-01 22:14:26,2018-03-02 22:08:51
66d03fb3c4b0f80b5db04ef9c260336d,89254,approved,2018-02-06 21:09:10,2018-02-06 21:29:40
a6cd683d4bd3b9b1f0aa37b27f8116d3,4534,approved,2017-01-28 23:45:53,2017-01-29 1:31:48
bfe42c22ecbf90bc9f35cf591270b6a7,35182,approved,2018-01-27 22:04:34,2018-01-27 22:16:18
e1da8361c76cab67aa3588a1fbf1af54,81560,approved,2017-07-01 15:42:32,2017-07-04 4:10:19
af5b0604e113e1526593d505a26ef39d,30575,approved,2017-09-27 12:07:22,2017-09-27 12:26:02
9d531c565e28c3e0d756192f84d8731f,39400,approved,2017-11-28 21:00:44,2017-12-01 9:31:15
4da3bd761ca73d692ae0f5c252495546,20231,approved,2018-02-01 12:31:21,2018-02-01 12:54:33
80d817467dc3d0a4bb5ab8986c962b1f,18682,approved,2018-08-22 16:10:29,2018-08-22 16:25:19
c75acba615d2db29345327974641467d,5704,approved,2018-07-06 23:36:15,2018-07-07 10:10:09
210e60465099814a1d2c7635e4065153,95110,approved,2018-05-09 18:27:00,2018-05-09 18:54:13
8fc207e94fa91a7649c5a5dab690272a,13412,approved,2017-11-26 17:49:46,2017-11-26 17:58:34
4b3a605942f29d490cb74bd6ace6b9f0,22750,approved,2017-09-29 9:32:17,2017-09-29 9:44:12
1c35ac660d7ef6691b25d20df3d6eccb,7124,approved,2017-06-27 23:11:57,2017-06-27 23:35:09
01a75ac3dd000b7628a684be97c29234,5416,approved,2018-01-23 10:32:39,2018-01-23 10:59:10
0c6b011f8a4f87010c23995f5807d152,68485,approved,2018-08-20 18:24:30,2018-08-20 18:35:26
ee0c5c649e17808bc4a363d3a80ebf85,88034,approved,2018-01-30 7:51:17,2018-01-30 8:13:43
f2fa3795760c35b8c05fa8e2f09d5143,74914,approved,2018-03-31 14:20:46,2018-04-03 5:10:21
3923e3ade70348985bd2ca389905cf19,5713,approved,2018-03-07 23:00:33,2018-03-09 3:00:35
e37797aedc7cd4ef82278fbc169eecaf,82820,approved,2018-05-08 22:12:34,2018-05-08 22:31:43
35660aec0cc42b6257e24281ee0e6255,8225,approved,2017-03-30 14:46:00,2017-03-30 14:55:17
b01875821b8dcb6abc61776f0f971bce,9121,approved,2017-11-24 21:55:22,2017-11-25 1:31:43
5164933efe0cd14f31424b9badf81f19,74310,approved,2018-04-25 22:18:10,2018-04-25 22:31:56
06a6627d9cc91a04e9d146bf65fee0a2,4571,approved,2017-07-16 10:27:45,2017-07-16 10:35:14
15bed8e2fec7fdbadb186b57c46c92f2,29311,approved,2017-09-03 14:22:03,2017-09-03 14:30:09
5447160f15621601fa9ba2b94f4906b3,5528,approved,2017-11-21 12:08:32,2017-11-21 12:40:55
01855f880aae9a984c7c33b26fcf2e02,12235,approved,2017-10-19 15:08:48,2017-10-19 15:35:35
65312c6e4ce03c0fb633a4ac541949d8,18130,approved,2018-07-22 15:19:05,2018-07-23 12:32:22
741fd1b80f015f170a7f458cf86769b8,42800,approved,2017-12-02 14:28:03,2017-12-02 14:38:30
b16cec67cb3f5a4bb31abe8988b43d19,27525,approved,2018-03-26 9:14:26,2018-03-26 9:28:24
e6190dea235662449d160357e46eaec8,81750,approved,2018-01-09 6:37:43,2018-01-09 7:27:15
8eeda294fab8a5ed70259afb59a10ff8,13175,approved,2018-02-06 18:25:39,2018-02-07 2:35:40
89165e6d4c28047da0adf13ac8b3e1b3,7170,approved,2018-07-18 13:39:54,2018-07-18 13:50:14
f376081d7c5f1767fbc7fae2d19ca32e,93415,approved,2017-03-28 16:03:34,2017-03-28 16:15:15
4b87488fb6269f8321508923b95da4d6,65075,approved,2018-06-08 12:19:58,2018-06-08 12:37:01
e9ce52cd563d0124dced659e69eab10a,88104,approved,2017-07-10 12:23:05,2017-07-12 2:10:59
9344ccd01ff5fa7ec2aef0ee7e1c49c3,7176,approved,2018-05-16 16:10:21,2018-05-18 4:54:31
f4471dae8c482f51aa1826cd9f5d4433,35960,approved,2018-07-05 18:40:47,2018-07-05 18:55:15
aeb4c9d05ab11d7c6c9ca24f8c43bd70,5727,approved,2017-09-20 17:12:34,2017-09-21 14:44:35
33a3edb84b9df4cb49546859b990ac6d,7053,approved,2018-02-21 17:15:49,2018-02-22 16:10:41
9885fff91f7c807525f8320e5292a3db,14026,approved,2018-01-10 14:18:40,2018-01-11 2:48:39
e7a65190baa4e6fd192246157c0b81fb,30320,approved,2017-04-26 16:14:11,2017-04-27 17:22:58
62a12e4d2a742b2491d7c00d2d79bf52,38300,approved,2017-11-27 19:24:52,2017-11-27 19:39:02
90349f264a3d6a2525a34598d09dda6b,18740,approved,2018-05-11 16:35:19,2018-05-12 3:32:26
95cf9f239f724799131f7ca949209bd9,83085,approved,2018-05-25 8:54:21,2018-05-25 9:16:24
04a59fe46fc5aa341da5378c195ed53c,89254,approved,2017-11-26 9:32:06,2017-11-28 9:35:11
86b37610c0e86e94afe3d5ba4b73fa14,5351,approved,2017-11-17 21:14:42,2017-11-22 2:49:29
5c2d1d55c31db1cbe069dc9b6454b897,39406,approved,2018-07-23 18:27:07,2018-07-24 10:32:48
1d067305b599c1e0dceb3864056ea527,14860,approved,2018-02-14 13:05:17,2018-02-14 13:15:38
abc5ec9ecaec740b498a37f19c29a8c0,21310,approved,2017-04-30 22:43:56,2017-04-30 22:55:09
6942b8da583c2f9957e990d028607019,23970,approved,2018-01-10 11:33:07,2018-01-11 2:32:30
c3cb4c7c4b963ab08b07a5dca5baf05d,79804,approved,2017-05-15 16:29:03,2017-05-16 3:35:16
af66c46c49bdb3bf2f862efb1eb67d81,5017,approved,2017-07-22 19:16:47,2017-07-22 19:25:18
14e6e050a57912543937e93051cc7b2c,75388,approved,2018-06-24 19:01:52,2018-06-24 19:20:23
cefa8ee1540139ac77fa0c1b4ff1f04b,85808,approved,2018-07-02 12:54:20,2018-07-02 13:10:15
265f4e28ef8cf69f8445e2951bbe7343,60140,approved,2017-03-06 0:14:28,2017-03-06 0:33:11
34276839abbc2d596eb36540d36c624c,72270,approved,2017-10-04 23:02:21,2017-10-04 23:14:17
556bbf53c2c22fbb9ef31a414dd444a6,2075,approved,2017-12-21 17:43:41,2017-12-21 17:56:24
36530871a5e80138db53bcfd8a104d90,96015,approved,2017-05-09 11:48:37,2017-05-11 11:45:14
b2bd1f09c1b8a4a36940f6f6e49d5dec,90010,approved,2018-02-02 16:15:41,2018-02-02 16:36:26
e69e2290db6b2d3b7593a40112e1a82a,22440,approved,2018-06-01 11:26:06,2018-06-02 3:15:28
c8627adf430caff83161acbeb344d8f5,13323,approved,2018-08-09 16:23:03,2018-08-09 17:30:25
1370fae9b19ee5e01a2d609eb18b7c8a,30190,approved,2017-11-15 13:47:34,2017-11-15 13:55:31
a7cd6af6e0519313887b3c3a120f20ca,13212,approved,2018-04-26 11:59:05,2018-04-26 12:11:18
663830a477534735bbdec9de01113fa2,29307,approved,2018-07-15 12:37:12,2018-07-16 12:30:53
b2f3763408103bc7173bb36ed02dbeea,12280,approved,2018-05-30 22:33:08,2018-05-30 22:55:45
0dad6beca7ed0e352668498c29089900,60336,approved,2017-12-02 14:08:33,2017-12-02 14:17:20
93ec3e2c9a4beee38c28973d307093e1,11310,approved,2018-03-29 14:27:41,2018-03-29 14:35:21
5561adcb0fd46da4cad3048fa4e7fc00,38408,approved,2018-06-25 15:36:18,2018-06-25 15:58:17
6245ae0abd9de1ae647b5da78c0ea69b,37720,approved,2017-09-11 7:54:38,2017-09-11 8:10:08
ce9feeba53c652dd6569cca62e2bb287,24431,approved,2018-04-15 19:42:06,2018-04-15 19:55:20
565923f847aad52e7638eb189cce3b51,5890,approved,2018-01-13 8:19:23,2018-01-13 8:29:22
36ebb4199031e72a1fa964549b88c377,3733,approved,2018-04-04 8:39:50,2018-04-04 8:50:15
232b75e8b6faa6ca2063184414e634a7,83709,approved,2017-09-26 12:32:39,2017-09-27 3:35:03
ee990334acb0ff9333b01afa465f3006,11347,approved,2018-02-28 17:00:28,2018-03-02 2:10:55
780fe22baa36991bdbb1559f5b549596,26272,approved,2017-04-22 19:26:47,2017-04-22 19:41:06
58ac1947c1a9067b9f416cba6d844a3f,5415,approved,2017-09-13 9:18:50,2017-09-13 13:45:43
ba4ddff2b9082f079de9a84d7a5605fd,59655,approved,2018-01-18 9:30:54,2018-01-18 9:38:30
75351e48296ef42211a0b80c427aae57,4548,approved,2017-03-14 16:25:43,2017-03-14 16:25:43
64a2b20e6611bf80d933549f4c45ad84,28010,approved,2017-12-20 12:30:40,2017-12-21 2:11:52
775130c792f4c6460c63162e994a1114,13573,approved,2017-12-04 17:24:57,2017-12-04 18:30:29
b0928556a10706af462ca2ab2c91903b,2175,approved,2018-08-03 22:23:06,2018-08-03 22:35:17
5487a8ac1699754d975f853ce8bb9321,37500,approved,2018-03-29 14:29:44,2018-04-03 5:48:50
00571ded73b3c061925584feab0db425,90670,approved,2017-05-18 20:59:24,2017-05-18 21:10:16
74ebfa44a323c96a7760bd693d690a3d,9890,approved,2017-06-16 0:22:49,2017-06-16 0:35:26
37104fd8b73d0691fda9491fe8906808,13321,approved,2017-07-05 9:16:49,2017-07-07 2:50:37
b6b3633f97c686d8e188ac6fa29ff20d,44380,approved,2018-07-27 12:45:51,2018-07-27 13:04:20
37e32b54f25d2472acbc642f7e539a36,27700,approved,2017-07-08 14:12:08,2017-07-08 14:25:09
43d88b0e949865904334dd5b3ca63f50,44033,approved,2018-03-15 16:59:11,2018-03-15 17:15:42
5e99f3c445038a0709b2aea8e34ed593,4537,approved,2017-06-25 19:30:09,2017-06-25 19:45:10
f61b61c2cbb4192ccaf9c2c76a4cc971,71540,approved,2018-02-28 21:27:43,2018-02-28 21:48:27
6d7de866a140b19d09e825b2a4e944c7,13569,approved,2018-04-16 21:07:16,2018-04-16 22:10:15
3f849648ffbabb0562c7668f212e3e88,5565,canceled,2018-05-15 19:55:51,2018-05-16 8:36:57
7c18eddfcd24680d80a502346221614e,3636,approved,2018-07-13 15:45:51,2018-07-13 16:04:02
6fa204b6cf6dcfe6c9adca7dc53aa32a,24120,approved,2017-08-01 18:52:12,2017-08-03 3:04:48
58d4c4747ee059eeeb865b349b41f53a,24120,approved,2018-07-21 12:49:32,2018-07-26 23:31:53
a840a7a89e3d9137358eb7b9408681fe,14409,approved,2017-03-09 22:17:49,2017-03-09 22:17:49
40001f4b6e1a35f0b99fc4f44078ab27,9790,approved,2017-12-09 17:27:58,2017-12-09 17:37:27
287c56aa824d8d1ea40246ad12013f62,1151,approved,2018-08-01 10:48:19,2018-08-02 10:45:12
694630e7a7713c116a9b7f0ba3377382,8775,approved,2018-04-09 13:56:45,2018-04-11 5:50:45
f26f92a3da58e9c771820a7b4d9a6800,13056,approved,2018-02-10 19:27:28,2018-02-10 19:35:32
d1f54c6a2a7015c5687439d6d4e971ba,89254,approved,2017-04-27 11:08:59,2017-04-27 11:22:56
37d6c8f1b209eab8d1b6522a1a3e4d88,4534,approved,2017-12-06 15:26:09,2017-12-08 2:54:25
f9f76d0f8ab416a42a2a3dad0d710162,35182,approved,2017-11-30 22:37:50,2017-12-01 10:31:12
a03ad7057fae696dd18f8967826c209f,81560,approved,2017-06-05 13:24:46,2017-06-07 19:42:11
c93e4c73cba512f76817291e0de8bec4,30575,approved,2017-09-12 16:32:09,2017-09-12 16:45:08
412fccb2b44a99b36714bca3fef8ad7b,39400,approved,2018-07-22 22:30:05,2018-07-23 12:31:53
67b47f35ec923e39f1203f3cfa80f5e3,20231,approved,2018-06-03 18:24:33,2018-06-03 18:49:57
b616f638cd86d92c7cbd06cf7484ee34,18682,approved,2018-05-23 16:37:35,2018-05-23 16:56:50
258f2e5dd769d9314b349f5650005dcc,5704,approved,2018-02-03 10:51:17,2018-02-03 11:10:37
f90202d14e468090464aeb4b1f0372ab,95110,approved,2018-05-17 8:33:19,2018-05-17 8:59:32
615ae1b88a25a4ac47fbf55c9c847b6e,13412,approved,2018-08-10 13:42:06,2018-08-10 13:55:18
52f166ce5fa053bbb27d317e4fd231b7,22750,approved,2018-04-18 20:13:31,2018-04-18 20:32:54
22d17396ac4c177e0ea83929cd4f845d,7124,approved,2017-09-27 14:43:47,2017-09-27 14:56:18
9ceb8ab5165cefecdddb546cb5a6362b,5416,approved,2018-02-05 17:27:54,2018-02-06 17:32:25
95a74a28d622001aafb5dd088ea0d88c,68485,approved,2017-11-16 14:32:06,2017-11-17 14:25:26
d493148aa5f8d08914d29ec0524e1196,88034,approved,2018-01-31 13:21:44,2018-02-01 13:35:14
a0d5b8474423ddf55228373b81a46272,74914,approved,2018-01-11 16:51:17,2018-01-12 2:38:34
cbec453ddd874ca620b8afc6393e3218,5713,approved,2017-06-04 10:05:59,2017-06-04 10:22:32
61988b318aaf57d18336c629bc42cf1b,82820,approved,2018-03-29 16:17:53,2018-03-29 16:35:38
b88d7ae9bd78eac18e8b6ceb04695fb8,8225,approved,2017-07-17 21:55:56,2017-07-17 22:10:20
908e767e28908dc5ec61fe0ef8ef03f9,9121,approved,2018-05-09 14:32:09,2018-05-10 11:36:29
c82a457d646f77c8f151e12a3e517ed2,74310,approved,2018-08-08 21:11:25,2018-08-08 21:25:20
edc531c3153d23614049077e7e1e6405,4571,approved,2018-04-17 11:25:39,2018-04-19 2:51:01
e22b71f6e4a481445ec4527cb4c405f7,29311,approved,2017-04-22 13:48:18,2017-04-22 14:01:13
6efcd938092fe73904610b4bd39b2e7f,5528,approved,2017-12-11 21:43:24,2017-12-11 21:55:32
1e8c81805b92ff169971231458670460,12235,approved,2018-05-04 10:29:14,2018-05-04 10:51:52
4d630f57194f5aba1a3d12ce23e71cd9,18130,approved,2017-11-17 19:53:21,2017-11-18 19:50:31
1da00355018ed3e0fdd548cf3ddada99,42800,approved,2017-12-17 19:40:26,2017-12-17 20:50:00
21c71f62d2554e1ad6c8ba9dc7af2c62,27525,approved,2017-12-21 4:59:55,2017-12-22 4:51:23
93a21c10557cc1b1ecfe2c3a808c648a,81750,approved,2018-02-27 10:05:56,2018-02-27 10:15:33
38c4ae942b818085578157aabd4abf9e,13175,approved,2018-03-18 20:59:28,2018-03-18 21:10:32
f175d67589e059cbbda956f10f0702e6,7170,approved,2017-01-05 13:34:35,2017-01-07 3:45:40
c263211bd219538f7c031591e87ef0d7,93415,approved,2017-11-24 16:56:46,2017-11-28 3:48:24
7835af1856de332f2f3c9204b740a3a2,65075,approved,2017-12-24 17:34:12,2017-12-24 17:48:13
507240e305d631056d7ced5d5ab0eb9a,88104,approved,2018-03-29 15:08:14,2018-03-29 15:29:55
17c2ee64306efa76f1389315a974eeba,7176,approved,2017-11-29 17:43:34,2017-11-29 19:16:55
5ec8f4e8fe5ee3fd5460b244d0804f9e,35960,approved,2018-04-03 13:47:14,2018-04-05 2:27:56
7156f3e0b94405abcbad1a8c94557338,5727,approved,2017-04-20 16:18:26,2017-04-20 16:30:11
def622b4b003c4749c889dd9a0b43eca,7053,approved,2018-01-25 23:13:41,2018-01-27 2:45:33
434d3eec8dd031c322077fb2452e53a0,14026,approved,2018-05-08 14:38:14,2018-05-08 14:55:47
3ef7c7b43ae449415675a6c34720b78e,30320,approved,2018-06-16 19:05:54,2018-06-18 12:37:24
7e3e92dc3eaf5389f32da97228f7dd0e,38300,approved,2017-07-02 20:47:24,2017-07-02 21:03:55
4d95703047b8a80cf5796b7478900ec7,18740,approved,2018-01-23 23:59:03,2018-01-24 0:16:30
955e2b622db1a1f4031ef035ce9a861f,83085,approved,2018-01-16 22:34:16,2018-01-17 3:34:29
cf8f7b73e35cb19ff895c2f45c1ded72,89254,approved,2018-02-22 15:04:08,2018-02-23 7:08:17
fd9b8ed51e5ffedf7a56bea36cc5b6f9,5351,approved,2018-03-30 23:11:40,2018-03-30 23:26:57
bb4f0c21ae6014e40ef007ff6fbcbeb9,39406,approved,2017-02-12 18:48:56,2017-02-12 19:02:52
f31535f21d145b2345e2bf7f09d62322,14860,approved,2018-02-01 7:47:34,2018-02-01 8:10:31
d86359a45e3f6c6d8b35f7b13e41abf5,21310,approved,2018-06-06 14:21:47,2018-06-06 14:35:26
248ff7b41bfa395f5ee828720889e664,23970,approved,2017-11-17 13:12:47,2017-11-17 13:35:40
2d5cdc856665603f1580e3586bde89a5,79804,approved,2018-01-30 17:36:43,2018-01-30 17:57:55
b06112f703115e6d92f3baf4e2458a5a,5017,approved,2018-03-07 12:08:37,2018-03-07 12:29:55
45ac1d4b219993bf334080eac1585166,75388,approved,2018-01-10 9:04:09,2018-01-10 10:31:35
51fc12a7908ea200b269a6ecfb3e7740,85808,approved,2017-02-08 18:00:36,2017-02-10 2:55:28
c228d309379c3ae545cc6ca2d5aae1b2,60140,approved,2018-06-30 21:57:55,2018-06-30 22:10:13
f419e615bbdeb34741d4bdd661ff8599,72270,approved,2018-08-08 10:49:59,2018-08-08 11:05:15
c10ff28c81d0b9bd2a265bb0836c8b0c,2075,approved,2017-10-05 5:23:47,2017-10-05 6:21:20
638f79643fd5681c6e6c6ef1f1ab700d,96015,approved,2018-04-10 14:58:16,2018-04-10 15:11:08
a094215e786240fcfefb83d18036a1cd,90010,approved,2018-02-08 18:56:45,2018-02-08 19:32:18
86e574a0701d15590bf31783bc7de5dc,22440,approved,2018-07-12 20:24:07,2018-07-12 20:35:10
fb9b2930f4a30f96c7cc98eaaa85e5f0,13323,approved,2017-11-24 14:15:53,2017-11-24 16:19:01
8e24261a7e58791d10cb1bf9da94df5c,30190,approved,2017-11-16 15:09:28,2017-11-16 15:26:57
02aec12849744e266394182861265286,13212,approved,2017-08-31 17:46:40,2017-08-31 18:05:09
f11b36b3bc7bacf06deef862ed611f02,29307,approved,2018-05-15 9:10:20,2018-05-16 3:14:50
2c3a5e5f5bc3ae78ed5748461e62d47d,12280,approved,2018-01-22 19:22:26,2018-01-22 19:36:30
4eeecb9e657525024b9b538730c5f974,60336,approved,2018-06-16 0:01:56,2018-06-16 0:23:09
6f954a919130aa1e8def4ed1b9fca432,11310,approved,2018-07-28 18:21:00,2018-07-31 3:50:25
56bd45163229b35ca0ab490c1e3d3233,38408,approved,2017-11-28 21:07:26,2017-11-28 21:17:25
6bb1e842418aac0c9c820afd3bb63a2d,37720,approved,2018-02-11 14:13:54,2018-02-11 14:25:28
28fa410eec232354726af94904c6fa9b,24431,approved,2018-03-17 15:21:11,2018-03-20 3:48:59
f93af565de05d2427790ad8d0368a80e,5890,approved,2018-06-03 11:52:11,2018-06-03 12:10:28
3f3913e8c7fd221ac82a34ffa20b93ee,3733,approved,2018-05-07 21:49:08,2018-05-07 22:11:35
ed91235fc08276eed0470b26a6dbd4a3,83709,approved,2018-03-09 14:58:05,2018-03-10 14:50:28
7107c5823a581db0314f8f0fa95f61e7,11347,approved,2018-02-27 15:53:44,2018-02-27 16:15:38
3a830ecb5338f0ff69822d388b64822e,26272,approved,2018-01-24 11:40:28,2018-01-24 15:08:06
955ea2e3177592d909296220d7fcdebd,5415,approved,2018-06-09 11:02:51,2018-06-09 11:15:21
6d231a099f98f5a590ad78db56ae82f1,59655,approved,2017-11-11 22:16:49,2017-11-11 22:30:25
4bb6e6f5af26e1f5951d934386615406,4548,approved,2018-06-28 11:08:58,2018-06-28 11:31:07
c4d2f075fc3bf3a06d1e68e113c35cbd,28010,approved,2018-08-01 14:58:41,2018-08-01 15:31:17
52e5445828db681d83dccb33a15ecac4,13573,approved,2017-11-24 17:37:41,2017-11-24 20:56:27
879195f2460f97ab2f3bf119f2e8638b,2175,approved,2018-02-03 14:56:55,2018-02-03 15:11:02
22ff7c206b68858435452298296c2fcb,37500,approved,2017-04-27 10:24:22,2017-04-27 10:35:12
ebc8d4b1397747291b758772e9d87984,90670,approved,2018-04-10 16:22:27,2018-04-10 16:35:12
9f882c1f904b7dd156572ada58d7a7ae,9890,approved,2017-11-13 10:07:36,2017-11-13 10:16:29
5691d72069359cd293ac9a14f1bd5e9b,13321,approved,2018-07-23 10:21:28,2018-07-25 2:55:14
884cb4ce4a06390d35206de06f785d13,44380,approved,2018-04-03 20:44:15,2018-04-04 3:29:36
8e9e2a5d159d5718b34b926a34a0498f,27700,approved,2018-01-12 19:27:08,2018-01-12 19:37:22
c0aa0e99afe6f6dac845326a854690fd,44033,approved,2017-07-24 17:19:00,2017-07-24 17:30:29
1d251ab94983c4adb11e4b168abb1439,4537,approved,2018-03-07 23:46:19,2018-03-08 0:49:38
d9cfa4b0f995deb2fa9758d5534e1d13,71540,approved,2018-06-05 11:36:11,2018-06-05 19:15:24
8a49984afb76dae66f3810e1b7093ec4,13569,approved,2018-02-15 23:27:21,2018-02-17 3:35:43
c26b94aa87e95d1c1eb1b592f43eb223,5565,approved,2017-06-29 0:10:49,2017-06-29 0:23:33
06ae7271902bbb087fc093137fee6e81,3636,approved,2018-01-19 21:07:32,2018-01-20 9:09:35
8373f5d7df6d9249999fd38f8513e6d7,24120,approved,2018-03-29 12:00:11,2018-03-29 12:48:47
3b4ad687e7e5190db827e1ae5a8989dd,24120,approved,2018-06-28 12:52:15,2018-06-28 13:11:09
4570fa83dbb31a563e06db0a554b951e,14409,approved,2018-03-15 20:23:45,2018-03-16 20:31:55
04040ee654b248cdc512a68ecc83e4cc,9790,approved,2018-03-27 22:14:59,2018-03-27 22:30:13
0b584b729bdfec204ec2aa5d21d6ca56,1151,approved,2018-08-03 13:32:54,2018-08-04 5:05:18
bd2623f3663c5daa3f89e6b527fd49da,8775,denied,2017-01-21 17:08:01,2017-01-21 17:22:49
343076b69aa1f03ee4beb49cf6baee58,13056,approved,2017-09-26 11:08:38,2017-09-26 11:24:44
b68d69564a79dea4776afa33d1d2fcab,89254,approved,2018-02-28 8:57:03,2018-02-28 10:40:35
f04bfdbef5359607d39e66fccc9cc0de,4534,approved,2017-09-13 15:07:45,2017-09-13 15:25:15
d74d2985a4c187334dc59722076a2e5f,35182,approved,2018-08-09 20:36:13,2018-08-09 20:50:14
bd3e89bd89fac4760b244047d795e2fe,81560,approved,2017-12-07 9:40:04,2017-12-07 10:31:35
fb6ba131bbeb30fd6db9c8900b5c5b92,30575,approved,2018-05-30 2:41:28,2018-05-30 3:24:11
82daed31f80350ce51f518369a8d181c,39400,approved,2017-06-27 10:45:08,2017-06-27 11:04:48
4906eeadde5f70b308c20c4a8f20be02,20231,approved,2017-12-08 4:45:26,2017-12-12 3:50:30
ae17bb94dfb3eaf396cd393eace1de80,18682,approved,2018-03-09 15:09:28,2018-03-09 17:00:39
6379750dac6a8a1e11378e34278ae8df,5704,approved,2017-09-11 11:50:32,2017-09-11 12:05:28
7ac1f3de2cdc809de6aa1e6719451f53,95110,approved,2018-06-12 9:52:46,2018-06-12 10:21:08
aa466a92af916f9f68e56fce7d3a21b1,13412,approved,2018-07-03 1:17:32,2018-07-03 1:30:35
c619ac0f9cdcfcebdfb9490451166da4,22750,approved,2017-05-23 15:28:58,2017-05-24 15:35:20
31ef15cb5a3faa4df17e96b09cd8c1a1,7124,approved,2017-11-29 18:27:30,2017-11-29 19:31:02
dc400373e624e9b0435847a79813c658,5416,approved,2018-01-14 18:49:14,2018-01-14 18:59:30
09d3f9f1be63c067456cc619076685a1,68485,approved,2017-08-23 15:40:22,2017-08-23 17:33:57
e3a83a19707a6f27e4fde8d6b13d43f4,88034,approved,2017-09-10 22:32:14,2017-09-12 4:50:37
7d2286ec219f58023352077d938dee48,74914,approved,2018-08-21 16:45:44,2018-08-21 17:08:38
ec1fc57b72a7bbe5b32f9c606510db76,5713,approved,2018-05-27 17:59:00,2018-05-27 18:14:14
16c24987724018f73b746aacfbb5f8e8,82820,approved,2017-05-20 2:48:00,2017-05-23 3:50:25
d3c8851a6651eeff2f73b0e011ac45d0,8225,approved,2016-10-05 22:44:13,2016-10-06 15:51:05
75f433fd5ff62807235cb08b520c3c49,9121,approved,2017-07-28 11:25:16,2017-07-28 11:35:14
bca3dc20a3ec02261c5b17dc270e9e65,74310,denied,2017-12-05 10:34:52,2017-12-06 2:50:38
bbd64b019b5ea3ed83a114cc665328ff,4571,canceled,2018-03-07 15:37:22,2018-03-07 15:55:42
74c951ce0835b2741d3014321ae9c480,29311,approved,2018-08-20 17:38:55,2018-08-20 17:50:28
4e2160ff7a61b2bf4fbd2e527ea924d3,5528,approved,2018-02-09 13:48:17,2018-02-09 14:15:48
b75b4f6e7c5fe3fa05707992a88d9d38,12235,approved,2018-08-02 14:41:02,2018-08-03 14:35:14
6f841dde94727854eaff3f66432c80ea,18130,approved,2018-01-02 19:20:35,2018-01-02 19:32:22
2b72a32a2c3e93fa260ca7655073886f,42800,approved,2018-04-18 15:40:36,2018-04-19 8:15:16
f373335aac9a659de916f7170b8bc07a,27525,approved,2018-03-17 15:32:31,2018-03-17 15:48:40
3d087f98b006ae162b5e3b56e7bfdb4a,81750,approved,2018-01-05 11:04:11,2018-01-05 11:15:29
a7076e7aba13de8b66d95a55811290ed,13175,approved,2018-05-14 11:04:55,2018-05-15 4:35:02
d7f4e2f755cf2f40aa7c39804cfe01c4,7170,approved,2017-11-26 12:50:56,2017-11-26 13:14:18
6f5a2dbe5ccce73a9d053a542baabd1c,93415,approved,2018-06-26 10:58:48,2018-06-26 11:18:28
66f6b3a33b0339acbf55dd71977c4293,65075,approved,2017-12-01 20:39:26,2017-12-01 20:50:55
2f246ee329fce6932458bc7a10625d2a,88104,approved,2017-05-26 18:35:51,2017-05-26 18:45:10
d65c179a817be22977e263fbc1a4fef4,7176,approved,2017-08-09 21:43:53,2017-08-09 22:03:51
2babe10ce6bcb68b1e3bd35e24424466,35960,approved,2018-08-09 22:52:27,2018-08-09 23:05:11
ac64f79a33bfa575fc5a17e7926df3d5,5727,approved,2018-04-01 18:27:01,2018-04-02 17:55:24
727412faf7aef5ef3c7e0f03350d80c7,7053,approved,2017-04-19 13:45:55,2017-04-21 5:22:15
cedd898e1a953e9a8f3d763a364f6717,14026,approved,2017-08-17 17:03:31,2017-08-17 18:05:30
858505c5992f35429d07aae37bad60a8,30320,approved,2018-08-16 10:39:48,2018-08-16 10:50:16
6cb134bb285a64b0425d1fdaa00d4214,38300,approved,2018-07-01 20:54:21,2018-07-02 20:50:21
f11e9516ca2b6091b64f2e2ea0ebebb3,18740,approved,2018-02-22 20:53:14,2018-02-22 21:28:02
4d4ef6cd8147028ffd8c18dc0f6e3050,83085,approved,2018-08-24 19:01:02,2018-08-24 19:15:11
0438fc3e115633e11a93c878a1591016,89254,approved,2018-08-11 20:58:44,2018-08-13 10:10:18
3faf126d8a3b0684272791cd3c6cf3fe,5351,approved,2018-02-25 14:13:44,2018-02-25 14:28:09
0b0f3c7a9bcb6ad1fccab28f9240da6f,39406,approved,2018-07-11 17:22:56,2018-07-11 17:35:21
65f78a0e1f8b80c4f6d8d5c6073b8601,14860,approved,2018-07-31 16:16:19,2018-07-31 17:30:58
b7e4aca3e798d20643faacb681272a9c,21310,approved,2017-10-11 17:31:49,2017-10-11 17:46:20
b52d29abb97a3978df1d8922bfe36fbe,23970,approved,2018-05-09 17:11:41,2018-05-09 17:36:11
3f596c69e8e78788530d898331118c7c,79804,approved,2017-11-25 16:23:49,2017-11-25 16:34:24
0c228d925a49aa5e3b35febb948f4f72,5017,approved,2018-07-24 12:45:26,2018-07-24 13:24:34
6cc4eb51469dec50a6130fe1cd07b7f9,75388,approved,2017-05-08 12:22:44,2017-05-08 13:05:31
4709741e829775567b92abc42437b461,85808,approved,2018-03-29 22:46:19,2018-03-29 22:55:21
0341b60065c49221a27293793f11b117,60140,approved,2018-04-22 14:26:17,2018-04-24 17:34:43
25ebb07a1069a75d3cb9baf0a94f22d0,72270,approved,2018-07-22 6:24:50,2018-07-23 11:32:12
c2d07d9078b700b9198a126183867c16,2075,approved,2018-08-14 17:48:09,2018-08-14 18:23:55
25d47ee9a060a0359e8a10a858fc39a1,96015,approved,2017-12-19 13:02:13,2017-12-21 2:11:17
cf0ac4e12ad66c28302fc103670222fa,90010,approved,2017-10-25 13:32:46,2017-10-26 3:09:00
43488f856ed3fa3e7d3f8228755d383b,22440,approved,2017-07-31 19:05:32,2017-08-01 15:15:19
32bda40452bf0485c310bca24eb53886,13323,approved,2018-07-06 18:16:06,2018-07-10 8:45:18
2728209b1b0553533bce4afc52716b60,30190,approved,2017-10-24 14:23:58,2017-10-26 2:56:19
b335cf4d393acc627b82e83b3b3711fe,13212,approved,2018-06-12 20:54:25,2018-06-13 2:36:32
59d34e1064930d037d30041b73683aa7,29307,approved,2017-11-09 21:08:01,2017-11-09 21:31:38
6f6665c1d76e55561978ccb45bdcafc6,12280,approved,2017-02-23 8:03:00,2017-02-23 8:15:17
db5fdbee9ab29d55f24c329246e6fe51,60336,approved,2017-06-17 13:16:44,2017-06-17 13:25:13
9cf566da5a3277749dbd61fa060e8110,11310,approved,2017-05-29 12:35:44,2017-05-29 13:05:34
15fb9c745e91eff5482a9af2a5fad0e6,38408,approved,2018-05-24 12:16:48,2018-05-25 8:14:40
141ad0192cfa16174e4fd0a1a7e7ba4a,37720,approved,2018-06-03 21:08:31,2018-06-03 21:30:06
5869074071e0f56e9085dc3742c97b2a,24431,approved,2018-06-08 20:06:48,2018-06-12 4:35:37
e5d931ebd7214cd492fff71fb6a2aeff,5890,approved,2018-05-14 17:56:57,2018-05-16 3:15:21
7842147864c0425541edd55923f3c0f1,3733,approved,2018-01-29 13:38:02,2018-01-29 13:57:11
6b7c5703bdc03335b37020877a06625e,83709,approved,2017-11-24 1:34:00,2017-11-24 1:49:32
cbbb524a0e1646aa6cf7a3c0bbe517ad,11347,approved,2016-10-05 7:31:49,2016-10-06 2:46:24
77af7c6e42549e58f42977d5be538d0d,26272,approved,2018-03-07 16:27:30,2018-03-08 17:40:32
7e05645577366863a93350aac5cc7de5,5415,approved,2017-03-22 17:25:28,2017-03-22 17:25:28
ed01ce003df13cab401ba2ff57ea2542,59655,approved,2017-11-06 18:20:00,2017-11-07 3:31:21
b7a4a9ecb1cd3ef6a3e36a48e200e3be,4548,approved,2017-05-19 18:13:54,2017-05-20 11:35:41
f09942b1e1419e69f7509158f2a9c1d6,28010,approved,2017-12-16 13:51:18,2017-12-16 13:58:23
d10090be5f75fb89b6817469f0ce1a30,13573,approved,2018-04-18 13:13:47,2018-04-18 13:31:41
5342acb7b183acec77f59e4d78f7c804,2175,approved,2018-03-29 20:53:48,2018-03-31 10:07:45
72ee4a26e767e55282ac10e63c7b1227,37500,approved,2018-06-23 19:24:21,2018-06-23 19:39:10
6cd474b81add3c3d62536cab3e34aa23,90670,approved,2018-08-06 9:12:33,2018-08-06 9:44:23
4f7e398a1ddb1c349465b42b6865c60b,9890,approved,2017-06-02 14:00:19,2017-06-02 14:42:50
05387d537bd2e5027aadbfb6a5123e4b,13321,approved,2017-11-06 16:24:03,2017-11-06 23:31:52
59b32faedc12322c672e95ec3716d614,44380,approved,2018-06-27 11:10:11,2018-06-28 2:15:51
c158e9806f85a33877bdfd4f607b72e7,27700,approved,2017-04-14 22:06:32,2017-04-14 22:15:13
19721d59a9764437477eff0730b48665,44033,approved,2018-03-26 11:02:31,2018-03-26 11:15:38
08652363092b158440e2422e7c3ccaf4,4537,approved,2017-12-04 18:26:12,2017-12-04 19:04:48
e92f3505810692cd4a0350b19e2d9045,71540,approved,2018-06-13 22:54:20,2018-06-13 23:18:38
38c1e3d4ed6a13cd0cf612d4c09766e9,13569,approved,2018-02-02 15:26:38,2018-02-02 16:00:16
5a63a60ea2852393994270157cd61e0a,5565,approved,2017-08-10 19:47:29,2017-08-12 2:45:50
1b9ecfe83cdc259250e1a8aca174f0ad,3636,approved,2018-08-04 14:29:27,2018-08-07 4:10:26
409e4a6eadbdc33f16ccf0bda01eec1f,24120,approved,2017-09-05 18:24:22,2017-09-07 2:44:03
4fc42727f0b542099a7568206da01fa6,24120,approved,2017-12-07 20:38:37,2017-12-07 20:51:19
b0ff8ff92f8d916fa2e8005cd8e1a135,14409,denied,2017-11-19 16:12:34,2017-11-22 2:58:38
bb27f9e70d5cdc66d0c616aee3dbb387,9790,canceled,2017-12-08 23:41:49,2017-12-09 1:30:50
b60b53ad0bb7dacacf2989fe27ad567a,1151,approved,2017-05-10 14:03:27,2017-05-10 14:15:14
db0d194c127a36909de3bda3edad30bc,8775,approved,2017-11-30 13:34:43,2017-11-30 13:56:28
884b1394fc8888e6a877df86eb19e74c,13056,approved,2018-03-19 21:50:14,2018-03-19 22:08:28
ac7a92560a9e99f0a0ab4988102f491b,89254,approved,2018-03-04 15:58:09,2018-03-04 16:10:35
197edbaa61a8a349f382553fd2180ee1,4534,approved,2018-07-02 13:58:59,2018-07-02 14:10:56
da8be3bb62e9bf01e2e1a3bfd74ebd1a,35182,approved,2017-04-06 13:44:08,2017-04-06 13:55:17
dcbd516c0f39081a5e542ef76bbc3fe4,81560,approved,2018-08-12 12:04:03,2018-08-12 12:24:22
c2215076050fa358934105b15c34cf3b,30575,approved,2017-07-16 10:04:36,2017-07-16 10:15:15
8bbbef97d763f4dcf2e12cc5b5e0cee6,39400,approved,2018-07-28 20:07:49,2018-07-30 18:31:17
6de3383be650cfe96aed26171ad65c47,20231,approved,2017-10-18 16:44:45,2017-10-18 16:56:50
b8c38cf37cd17fd645f2e84101c8a679,18682,approved,2017-08-28 22:47:13,2017-08-28 22:55:20
21f4a37ec131158f1615d0f186f190af,5704,approved,2017-12-21 20:11:07,2017-12-21 20:30:28
c186ebe3937470a2f562a2dc0bc74dd7,95110,approved,2017-11-27 13:33:35,2017-11-29 13:37:08
56a4ac10a4a8f2ba7693523bb439eede,13412,approved,2018-07-22 13:04:47,2018-07-27 23:31:09
d62387acb3914789e712406e9882e549,22750,approved,2018-05-08 19:48:01,2018-05-08 20:32:08
e659b8223be6f632acb24fb80cf50ca9,7124,approved,2017-11-18 11:30:58,2017-11-18 11:47:19
b693d6c35867fa1937455e04f2547df2,5416,approved,2017-05-11 9:13:17,2017-05-11 9:25:21
0f9dc92df0635605588c51ec2e4c58a0,68485,approved,2017-12-27 19:19:44,2017-12-27 19:29:30
8efc076145638bcd5298053ddde6ff0c,88034,approved,2018-01-09 11:19:49,2018-01-09 11:29:43
35b7d83c8629ba8d0f718d9d293cf436,74914,approved,2018-06-23 18:07:30,2018-06-23 18:35:22
418764469a9e73f76f56783c1863bd05,5713,approved,2018-07-03 19:34:23,2018-07-05 16:40:52
45ed6e85398a87c253db47c2d9f48216,82820,approved,2017-06-08 21:18:45,2017-06-08 21:30:18
0bc4a984d79279c843421830f595273c,8225,approved,2017-10-17 18:22:05,2017-10-17 18:35:10
bb3b61a129aba9eeb10bb81a4770f3b1,9121,approved,2017-09-08 13:37:07,2017-09-08 13:50:16
7876404b81dcee26d47be1c7131b16ec,74310,approved,2017-07-17 9:29:02,2017-07-17 9:43:06
0ac645ddb846d1373321decb39c9956f,4571,approved,2018-05-07 20:57:42,2018-05-07 21:14:16
711f6009f8bf028b3fa426696b581432,29311,approved,2018-08-01 16:54:38,2018-08-01 17:24:06
cf18c0b77059499a99818871229ab994,5528,approved,2018-08-21 10:19:27,2018-08-21 10:51:49
6147a4d49752afd35a119d794e481588,12235,approved,2017-04-25 13:35:09,2017-04-25 13:45:16
d977821da81b766c90bcd3351f0dbf19,18130,approved,2018-05-04 21:40:39,2018-05-05 21:35:18
5c1f2bd7eff419c165428371164d750c,42800,approved,2018-03-08 15:59:11,2018-03-08 16:31:43
5a00ef28abf9645038a7d37c1639d2c2,27525,approved,2018-06-11 13:00:02,2018-06-11 13:33:26
5a0e5ad33542c79b10be87a344ee0086,81750,approved,2017-06-13 11:13:38,2017-06-15 3:03:40
0d25f1b15acb59ceff22667265743132,13175,approved,2017-08-04 21:44:43,2017-08-04 22:04:53
f0a82a328fd64b2796242bbfddb7e1d4,7170,approved,2017-10-06 18:22:19,2017-10-06 18:35:26
bba5aa837be7e597e91c6ddedf604cd8,93415,approved,2018-05-19 12:14:08,2018-05-19 12:31:36
72144791fc7fd8048eafc90d7f82ba54,65075,approved,2017-08-05 19:30:41,2017-08-05 20:05:53
664c5e57eb8479a79caeb79fc79699ca,88104,approved,2017-10-31 9:59:07,2017-10-31 10:10:24
f97a6e53615dfc1488e4bcf3dfe1cb2f,7176,approved,2017-09-11 9:40:11,2017-09-12 4:30:15
faa911f9ff46e53aedc9408c5d6a24ad,35960,approved,2018-03-07 16:42:57,2018-03-07 17:20:24
72344ea1113e3227494c465a64ae58aa,5727,approved,2018-01-13 15:43:58,2018-01-13 15:51:33
b3fb87dd5ffb58351fd40c4f9fe03cdf,7053,approved,2018-06-19 0:26:23,2018-06-19 0:54:46
95e42e6aaf6264cd3e77c06b32dc3003,14026,approved,2017-11-24 9:23:33,2017-11-24 10:51:26
690199d6a2c51ff57c6b392d7680cbfd,30320,approved,2018-03-16 11:31:18,2018-03-16 11:49:14
56ecd129e9283080044e40f77065b350,38300,approved,2017-10-12 23:11:44,2017-10-14 3:46:18
3b881091c6fc2687191b01c705287c13,18740,approved,2018-08-06 22:25:10,2018-08-06 22:45:09
86f408a9212aebbcddb41c1e8c65ebe0,83085,approved,2018-06-16 18:31:23,2018-06-16 18:57:30
1cb6cfd9e6306cfe607017391834999a,89254,approved,2017-04-29 20:09:24,2017-04-29 20:22:41
6c2953724cd30669e1b904e179a2346f,5351,approved,2018-02-17 10:33:27,2018-02-17 10:49:50
567653c46861b54519b6f4cdee500f0a,39406,approved,2018-08-01 17:57:54,2018-08-01 18:31:26
7b58fca3faf09217a36d5febee5739a5,14860,approved,2018-03-04 22:59:50,2018-03-04 23:15:32
f30607daae66843552e00843c6de88ef,21310,approved,2018-02-21 13:18:37,2018-02-23 2:31:22
4207ad8e0e4e4070f271c930d25f72d7,23970,approved,2017-10-09 19:42:43,2017-10-10 23:09:18
38b7efdf33dd5561f4f5d4f6e07b0414,79804,approved,2017-08-01 18:17:41,2017-08-01 18:32:30
4f7ce3efe568a5e57290a9fa3e45b1f5,5017,approved,2018-01-26 13:32:22,2018-01-26 13:52:07
3440f090efa1949bc4e9ebd0b89b2b6c,75388,approved,2017-01-27 0:34:10,2017-01-28 4:34:44
b34523b3a1e3a1ad856985080738c879,85808,approved,2017-09-18 1:02:11,2017-09-18 1:15:10
550a019d25590b5b3b6d31c0fd3edbbb,60140,approved,2017-04-03 23:09:50,2017-04-03 23:22:45
0d09617395364c88c4ad7c457b439314,72270,approved,2018-06-04 8:33:09,2018-06-04 9:11:43
e5a7c745f93cb381d78042cdef65b05b,2075,approved,2017-09-14 18:32:52,2017-09-15 2:25:56
f112b9fc8967a675670bedf5a2bc6b2b,96015,approved,2017-02-17 17:37:52,2017-02-17 17:50:12
580c882a5805c78546ea65ec6d3690e4,90010,approved,2018-02-05 17:40:34,2018-02-05 17:50:41
8adafb3466daa5395694d3a906ff9d40,22440,approved,2017-01-25 15:47:27,2017-01-25 16:02:29
66cf92fc3ec94fbafc4edd77e0814818,13323,approved,2017-04-27 14:17:37,2017-04-27 14:30:17
e54613f3313c396f77d8280b9121ea2e,30190,approved,2018-06-15 21:45:12,2018-06-15 22:20:30
eb270c4cbf3671961f3883e8b888571b,13212,approved,2017-12-06 9:53:36,2017-12-07 3:12:20
a87f63f16c37c383775f476c6f22b635,29307,approved,2017-01-14 15:42:20,2017-01-14 15:50:20
dc05a07c0cc70e26e10e274313034ad3,12280,approved,2018-08-01 16:37:54,2018-08-01 16:50:14
ec3d63b91b19bedcbe453ea0df14dd50,60336,approved,2018-05-20 10:33:47,2018-05-20 10:58:35
d4922affdd87d3e42657243354c7acd1,11310,approved,2018-07-01 21:12:33,2018-07-01 21:29:50
6e09e14cbfbf46215f17805edfb79aae,38408,approved,2017-05-21 21:10:35,2017-05-23 4:05:23
f847298c3beb552989d31c5f673da6fc,37720,approved,2018-03-14 11:22:37,2018-03-14 12:00:25
b1b5b604a5e207c764779ffb50527018,24431,approved,2017-10-31 21:47:13,2017-11-02 2:16:10
c3fd670b03599718895218d479f660b6,5890,approved,2017-10-04 17:56:28,2017-10-04 18:28:17
a57a5bbb57b15b49050bc6a58a2f240e,3733,approved,2018-01-17 9:55:37,2018-01-17 10:10:03
267e5fff0e80197e6553c5596ed81dbd,83709,approved,2018-07-20 11:46:49,2018-07-20 12:03:54
5a630e3d4aeb6fca86404481eb19cfe7,11347,approved,2017-12-14 9:06:34,2017-12-14 10:14:22
dcb4a1d21593a108db61f12a4b3d61db,26272,approved,2018-06-19 13:22:15,2018-06-19 13:57:28
3b14820d642ea72e95df3289b6539c1c,5415,approved,2018-04-02 13:01:06,2018-04-02 13:10:21
32e4fa9bb468884309b58b9348de70c3,59655,approved,2018-07-04 16:49:21,2018-07-05 16:33:06
813f8916cd12b887b0fa271f3263a4d3,4548,approved,2017-04-13 17:26:06,2017-04-13 17:42:10
4df92d82d79c3b52c7138679fa9b07fc,28010,approved,2018-07-24 11:32:11,2018-07-29 23:30:52
27f9fff9f14236589804b62bce39f526,13573,approved,2017-07-05 11:55:58,2017-07-05 17:42:57
142ac5357e541e5881d26fc5eb5f3754,2175,approved,2018-04-30 20:24:33,2018-05-01 3:15:02
f833a0260cb98fa615a517d4e4a8cdf3,37500,approved,2017-05-03 14:31:43,2017-05-03 14:42:38
9d48a2dfef2e0cb6155f816b9bf8489c,90670,approved,2018-05-25 22:10:13,2018-05-25 22:32:39
9dc8d1a6f16f1b89874c29c9d8d30447,9890,approved,2017-10-12 13:33:22,2017-10-12 13:49:22
d83706c29baf36eedf5e8adfb0da304e,13321,approved,2017-03-13 11:36:11,2017-03-13 11:36:11
9472d3c8a0ad463cbfc89897334431da,44380,approved,2017-11-20 16:21:04,2017-11-21 9:50:30
e811880120e802367a37c73fdbc0a7a2,27700,approved,2017-11-26 15:47:51,2017-11-26 15:56:24
d4ab8a264235be36f72a07621046d082,44033,approved,2018-06-01 15:34:15,2018-06-01 15:52:33
b417d44c131fe6470b3226c7b59f6a8f,4537,approved,2017-12-23 15:50:03,2017-12-23 15:58:25
f049e19134a95d09c806851a5ea1872e,71540,approved,2017-12-01 7:15:07,2017-12-01 11:32:19
e5d48f5d3719ee190629a850e362dc57,13569,approved,2017-12-03 20:22:53,2017-12-03 20:31:44
407408433ee2a9ed77984aa5a06e2b2e,5565,approved,2017-10-04 11:31:15,2017-10-04 11:49:17
a0411a1811cf1c3c1312372cb0495c6f,3636,approved,2018-08-21 20:36:22,2018-08-21 20:50:15
0fc34e566d3273325c404c113f4a8b2a,24120,approved,2017-11-02 14:51:11,2017-11-02 15:10:35
50c71607b83f5edc9a65e7c7d9910b1a,24120,approved,2017-06-23 11:23:50,2017-06-23 11:35:14
3c3fa8869e142a240f57aef59c095f6c,14409,approved,2018-05-10 16:04:42,2018-05-11 3:50:29
5b96fa278c2b3c1e29c190ef1b651d08,9790,approved,2017-02-13 9:35:10,2017-02-14 4:03:44
b3206cf64b7cd1480a6c6f9912b20666,1151,approved,2017-09-13 20:30:02,2017-09-13 20:44:14
33209e0f87b2ed543a0876812c9c5c40,8775,approved,2018-04-11 14:59:05,2018-04-11 15:12:22
ea337f88a8c5cab4e99da87460f1b99e,13056,approved,2017-03-19 23:15:51,2017-03-19 23:15:51
c82430e4a84f03b67cc2a82fecd873f0,89254,approved,2017-11-03 12:56:49,2017-11-07 7:30:43
c3664571c21d82f7d8ada5770af419f9,4534,approved,2017-11-27 19:41:55,2017-11-27 19:58:22
ad7ddb009f1bcd6c40cb1106471c292c,35182,approved,2018-07-18 16:16:28,2018-07-18 16:30:32
a865adb8bec2475e30e835eaf1b9e7d6,81560,denied,2018-05-06 10:27:56,2018-05-06 10:53:01
ac85808794ef111b4689bbdb5ea7f2c9,30575,canceled,2017-11-11 12:10:02,2017-11-11 12:26:49
9d513821c0477231fc7c1bfd684d13d8,39400,approved,2017-02-20 21:31:59,2017-02-22 6:50:09
39a0eaa2a980c810beaf68d76e52fa96,20231,approved,2018-03-07 17:53:30,2018-03-07 18:10:15
cf3d593f97ce4a58adbd6b488579fa36,18682,approved,2018-06-24 8:21:25,2018-06-26 5:37:09
8ca57f2b32c00588cab243b2115441f5,5704,approved,2018-08-06 18:45:01,2018-08-07 6:45:09
65d7e9625cc211f641191203e231ac24,95110,approved,2017-08-04 10:46:33,2017-08-04 11:03:38
ad2b0f4fd912cd3c834e5976c46b75b7,13412,approved,2018-05-03 14:31:13,2018-05-04 11:35:10
c432ba5b3bb83966c1b66696c395a2fb,22750,approved,2017-12-02 7:55:59,2017-12-02 8:59:42
62fe29a53926ef67e73c4b5f3e1ba6f3,7124,approved,2018-01-01 23:15:14,2018-01-01 23:26:49
769cad60df1d40dccfd5ec163be24654,5416,approved,2017-09-03 15:21:44,2017-09-03 15:30:14
48a928c553c276852b35ce90fedfeee2,68485,approved,2018-02-03 0:18:09,2018-02-03 0:32:52
40ef667b4259d5f521a0fd1a093d0415,88034,approved,2018-07-11 19:25:07,2018-07-12 4:06:09
7f97f025c45cac922275120fdee4e062,74914,approved,2017-02-07 12:01:07,2017-02-09 2:43:09
00125cb692d04887809806618a2a145f,5713,approved,2017-03-23 12:21:17,2017-03-23 13:05:42
eba75422c6a2414d3cd8289123e64200,82820,approved,2018-07-30 18:25:18,2018-07-31 3:55:21
626e4ba4ac663dadb68a6fe4b0d7b8d4,8225,approved,2018-02-09 15:26:21,2018-02-09 15:54:33
3ec2c982a9497e2aa32da12b18ce7266,9121,approved,2018-05-04 20:19:38,2018-05-04 20:30:24
98e54ac24cb241c366307ed88ae84902,74310,approved,2017-11-26 12:15:07,2017-11-26 12:34:38
18d686f1bb1270182c646fe337459d79,4571,approved,2018-02-15 15:07:11,2018-02-15 15:27:08
93b82c635931ca55e5d20e0d095507ce,29311,approved,2017-08-31 5:31:43,2017-08-31 5:44:41
c5e754f77f6f127371e929ccb707fce3,5528,approved,2017-02-11 10:53:48,2017-02-11 11:05:19
0f8532e6a9c1e86b215fda5c13f37fad,12235,approved,2017-05-08 14:59:40,2017-05-10 2:42:28
4fe2fd5509bca02cbd39aa5b3eeb2a8f,18130,approved,2018-08-27 13:57:36,2018-08-28 4:04:08
46c22ce0488991c798933effd2b57574,42800,approved,2017-02-06 15:43:18,2017-02-06 15:55:38
cd864dfff08db3d739750d749ec053b3,27525,approved,2018-01-16 10:02:20,2018-01-16 10:12:20
b65067f5a1e9e4aea30dae0dc505119b,81750,approved,2018-05-18 11:26:45,2018-05-18 13:06:52
31426d292a5d34315a18ac11d6eef7eb,13175,approved,2018-01-22 19:19:21,2018-01-22 19:36:36
eafef0e6c44f121531569a69a318c3b3,7170,approved,2017-11-29 13:03:33,2017-11-29 13:12:28
1f6405caa14a2debb88594b0471ed340,93415,approved,2017-12-26 2:35:27,2017-12-27 4:08:40
2ed75ffbf396fcdc6341f17d1a16ef5d,65075,approved,2017-12-12 20:54:42,2017-12-12 21:11:32
c0e59bb74c6b71dbd39b3073120e957d,88104,approved,2018-08-04 9:09:37,2018-08-04 9:45:18
10918fe4d665fda80034712895c2b92f,7176,approved,2017-06-26 7:04:39,2017-06-26 10:32:39
64a9f2b487f66506d463ca18152280e8,35960,approved,2018-02-24 8:45:01,2018-02-24 9:47:40
e5e6a20a4c3fbe6ee280c01f8fe279cc,5727,approved,2018-08-05 11:05:53,2018-08-05 11:15:13
6d46f8b7f485ad93146f9880682d4eb2,7053,approved,2017-11-26 11:38:04,2017-11-26 11:54:51
011b142c9e082a5c1d10e0a88cd9c8e8,14026,approved,2018-03-23 11:43:13,2018-03-23 11:55:34
cd0019d8419b82109ff269d8b4e18791,30320,approved,2018-05-17 7:17:54,2018-05-19 2:58:58
fa859e78da068661b096bfb4466ded18,38300,approved,2017-12-09 17:13:50,2017-12-11 17:11:20
7753606fb1d0067848f8a1a7ae5abefa,18740,approved,2018-05-02 13:17:54,2018-05-02 15:58:53
3606d0126c19d4197f835572f5162c20,83085,approved,2018-01-25 19:46:47,2018-01-25 19:53:22
4d2d8a4224215f680cc5221011347401,89254,approved,2018-03-01 12:43:37,2018-03-02 2:10:25
87386e2485df1ab61a6d060a092e4d6f,5351,approved,2017-11-16 23:40:17,2017-11-16 23:50:57
91bcade2288597459e1dbce52d6d0ef9,39406,approved,2018-01-04 13:14:34,2018-01-04 13:29:16
df8e5e994bcc820fcf403f9a875201e6,14860,approved,2018-08-01 13:30:12,2018-08-01 13:44:25
3480c6733692db0895d7f240dc18d9d6,21310,approved,2017-10-17 15:58:05,2017-10-17 17:14:35
b028c30dc8af213ae4c26a64446211db,23970,approved,2017-11-16 16:20:02,2017-11-16 16:35:33
7845a2492ab1b4f2cf3d56c7b8da1446,79804,approved,2018-01-18 12:35:45,2018-01-18 12:56:40
b3ceb7d2c66651bd0f6531ffba8745fb,5017,approved,2017-09-08 14:56:50,2017-09-09 5:04:40
c4cffa375b754170e9823a1fe9ac75bb,75388,approved,2018-07-29 0:48:48,2018-07-30 19:31:59
d44b754260def6c94daa9e661e530044,85808,approved,2017-04-25 21:33:39,2017-04-27 13:15:50
f9fe35b6ddb4b18faa9a9a683e20eaea,60140,approved,2018-04-26 9:49:09,2018-04-26 10:35:18
d52140bee663636aa4f6057e50bc06a3,72270,approved,2018-03-01 20:30:22,2018-03-01 20:49:07
cfa4fa27b417971e86d8127cb688712f,2075,approved,2018-08-16 9:44:23,2018-08-17 3:10:22
3ad68235680db3c8a491e0362402fd96,96015,denied,2018-01-25 8:43:46,2018-01-25 8:56:56
df6e64a3be9ccea48c3bfe8e096e8749,90010,approved,2017-08-16 8:00:13,2017-08-16 8:10:14
bcdbb3b243d4e882503b919785e2343f,22440,approved,2018-05-21 13:16:36,2018-05-22 9:36:26
3acf8c12de0c5a31ce57671e97cb48a1,13323,canceled,2018-05-12 0:18:28,2018-05-12 0:31:55
112f6cd3047e7f158607233e26206398,30190,approved,2018-01-03 16:29:52,2018-01-04 5:16:06
598cd40a798aa27cded050fe918ffbe7,13212,approved,2017-08-31 9:31:20,2017-09-02 2:45:40
ac244956f757aeeb76242334254bf9a5,29307,approved,2017-07-12 18:45:24,2017-07-12 19:03:33
4c460fdf49b517270b6258ba2d3c1ef9,12280,approved,2018-06-14 18:37:58,2018-06-14 18:58:12
118045506e1c1dda060171af43fe11b4,60336,approved,2018-03-08 19:06:05,2018-03-09 19:08:26
18bf036204cea32b152a8e2a2f2bab40,11310,approved,2017-05-08 16:31:38,2017-05-09 16:35:23
ec07555943e04d757937a8bea3a75ed7,38408,approved,2017-11-16 13:18:14,2017-11-17 4:06:21
825c221a4e981f278e9c5ec6ead83a3f,37720,approved,2017-06-29 23:08:50,2017-06-29 23:23:28
371f13dd168ce30a881e0db8cf3929fb,24431,approved,2017-08-26 10:26:53,2017-08-26 10:35:17
6699d7eb202a80ad0dd024134fe5ed60,5890,approved,2018-01-15 0:14:21,2018-01-15 0:29:16
c046779e1ef14c11e325b9b9a46d610d,3733,approved,2018-06-05 19:53:27,2018-06-06 2:53:58
4b81496f1e0fd587a7394ba1e1b8aebb,83709,approved,2017-03-04 9:55:08,2017-03-07 4:05:14
b3e2b81932a8bc32dfffd128937c3c5e,11347,approved,2017-07-04 23:29:52,2017-07-05 17:36:19
62fcfe5da58296dface200da2e196fcd,26272,approved,2017-05-19 14:12:50,2017-05-19 14:25:24
ac71263052acddd3b2031b5937f8fc30,5415,approved,2018-04-24 22:18:53,2018-04-25 22:10:25
9db49839ad325c2bf4303df727694be2,59655,approved,2017-09-13 17:53:28,2017-09-15 2:24:49
390d4039e108e33c6a93031f5f3f9e0d,4548,approved,2017-11-20 11:44:11,2017-11-20 11:56:31
f633c884a99eb63866600655356d973e,28010,approved,2018-04-04 0:33:47,2018-04-04 0:48:50
b8bfafcbe46deea4900feeffb2d6afaf,13573,approved,2018-01-19 18:07:37,2018-01-19 18:20:43
16e38caa92e342c7780f68832f832d4d,2175,approved,2018-05-07 1:09:09,2018-05-07 16:52:39
c272bcd21c287498b4883c7512019702,37500,approved,2018-01-31 11:31:37,2018-01-31 14:23:50
6d710101fb9f067dd5385ea1b6021946,90670,approved,2018-05-31 10:16:12,2018-05-31 10:30:46
d5af7f6e2db2c527fe19decfc2d37a83,9890,approved,2017-07-31 20:47:50,2017-07-31 21:15:09
49e19ca07e42bde08630a08e50ad980e,13321,approved,2018-05-31 17:47:23,2018-06-01 17:53:11
ed3b269b4badaf0126050c9d4f7b854c,44380,approved,2018-07-12 22:14:06,2018-07-12 22:25:13
6ac882284d5fcde113962e178ba0edbb,27700,approved,2017-12-07 15:40:14,2017-12-12 3:49:32
5e0311cb517d342851ca3b346cd4c5ab,44033,approved,2017-12-10 23:35:48,2017-12-10 23:49:19
4efb9f3d8ba57d35f9f884744e757265,4537,approved,2017-07-24 16:14:28,2017-07-24 16:25:13
f4b76dbfe0f911217da5adaa458f5b5b,71540,approved,2017-07-27 23:29:11,2017-07-27 23:45:05
3783e0b4f1ef0985e0d9aca4629f756b,13569,approved,2018-04-19 19:34:08,2018-04-19 20:51:20
1b5bd1070a7857f30e0856e204f30f25,5565,approved,2017-11-28 8:02:38,2017-11-29 2:18:46
4d315c56f2d8d8d27bf1a1365d41c923,3636,approved,2018-06-28 10:28:34,2018-06-28 10:50:22
68a001baa8dbd45ba5096b470f57a498,24120,approved,2017-10-16 18:26:48,2017-10-16 18:45:47
bb90b02637daa6d6ea968529eed50699,24120,approved,2018-01-23 10:15:38,2018-01-23 10:29:22
186d50e82bb60fc547f3dbf7aa6f6f8a,14409,approved,2018-08-19 11:28:11,2018-08-20 16:50:16
2042abeefae68e63a8aa30edd4b0eb48,9790,approved,2018-05-26 23:52:17,2018-05-27 23:49:24
f9c8a2771f663e15460ae6ba93205354,1151,approved,2017-09-21 22:33:55,2017-09-21 22:50:07
b2ce866408709e3ba155f339e97b8405,8775,approved,2018-05-04 0:12:31,2018-05-05 0:13:52
2e1b28b55908e9904e59370fa0ecbb8e,13056,approved,2017-12-20 14:00:18,2017-12-20 14:31:37
a98012aa8c697f2bcff9f8c2183e0f2b,89254,approved,2018-05-13 22:50:32,2018-05-13 23:11:49
302e27012670f8e2db4418e6c619f54c,4534,approved,2018-02-16 9:17:44,2018-02-16 9:35:28
f3d418a0887dbfd5bd41c788c87ac28b,35182,approved,2017-12-10 16:46:22,2017-12-12 3:36:30
31b157fa9491800710e3feeb482ccee9,81560,approved,2017-12-11 23:18:07,2017-12-12 0:05:01
315ab79b5d15b5e9304d729579d36a42,30575,approved,2017-03-10 11:45:28,2017-03-10 11:45:28
9f2da077d2d1eb6e8abcacef8776e941,39400,approved,2017-10-28 21:26:26,2017-10-28 21:46:29
b92fa055c4f004d4ae52eccce4efbe5f,20231,approved,2018-02-22 14:54:45,2018-02-22 15:27:34
d396adb7e51ca1bcb4a84cb786fee813,18682,approved,2017-07-03 16:42:42,2017-07-05 6:44:25
714fb133a6730ab81fa1d3c1b2007291,5704,approved,2018-01-26 21:34:08,2018-01-26 21:58:39
f3381b1e6c37c70f2b3c9d211b166412,95110,approved,2018-04-24 10:29:25,2018-04-25 4:11:10
b9afddbdcfadc9a87b41a83271c3e888,13412,approved,2018-08-16 13:50:48,2018-08-16 14:05:13
bc024a50e4e6ff5212d0febb0f4b4a37,22750,approved,2017-08-28 20:27:54,2017-08-28 20:44:52
4630b9ea86d473a936d6dd589cee8b22,7124,approved,2018-06-27 16:11:38,2018-06-27 16:29:31
0e31f844aae10fe7dc2369bc0340bf21,5416,approved,2017-10-17 17:02:32,2017-10-17 17:46:49
98cc17e56c367cbbe628aca0bbf9f08e,68485,approved,2018-01-06 21:37:54,2018-01-06 21:49:26
21fc1ff2a7ed8b2ec6ff62ac18d7a1b7,88034,approved,2018-02-15 11:58:49,2018-02-15 12:15:32
ea12bd9ee4b9a167ce287004482769e1,74914,approved,2017-10-26 20:30:28,2017-10-26 20:46:38
7958d9e7f3083099780539e0054d0c54,5713,approved,2018-03-03 17:11:33,2018-03-06 3:55:59
4cd9478b63edacb631dcf780b036b157,82820,approved,2018-06-23 19:29:12,2018-06-26 5:12:58
ba863950726dd067d21b2262ab48df78,8225,approved,2017-10-22 14:25:40,2017-10-22 14:49:15
9f035a4126d6f9cf43447e9b8eb6abae,9121,approved,2017-09-20 11:35:09,2017-09-20 11:50:10
c514dba8d0ed614c6a397d2f0f3fe202,74310,approved,2018-07-31 20:47:41,2018-07-31 20:55:33
b7ed5b357d48b6c8f588c5cf0d7ddf5d,4571,approved,2018-03-10 23:24:50,2018-03-11 0:00:30
05ae7d6bd78e2a61f4c0076a9d690aa8,29311,approved,2018-07-20 12:25:03,2018-07-20 12:43:35
d9a79759e192eeea9d5227b706bb6155,5528,approved,2017-10-04 23:23:34,2017-10-04 23:35:24
1a08b06cb8b9b557453b70b83fdc69cb,12235,approved,2018-01-21 16:46:04,2018-01-22 13:53:51
c3716204ec5bc2bc5593bee858279148,18130,approved,2018-07-31 21:51:41,2018-08-01 21:45:18
f86b24a45dc34d1b7fcdeb817bf503da,42800,approved,2017-03-06 21:15:37,2017-03-06 21:25:18
bac5dc94cc5dbf0810f1919c2aac13cd,27525,approved,2017-07-08 17:35:03,2017-07-08 17:45:18
01835ef41c5ac66dd9ec6084fa1d0533,81750,approved,2017-05-11 21:36:10,2017-05-11 21:45:17
26e7beff0239dc6ed3a8f2bb5972911c,13175,approved,2018-01-22 15:24:44,2018-01-22 15:38:22
e995d128a5a5bd59d704a736c4a75fd5,7170,approved,2018-03-10 20:39:19,2018-03-10 21:40:32
d92d62eadcca8fd6509c4d0afad5b2c2,93415,approved,2018-08-07 14:12:05,2018-08-09 3:45:13
22bd668810988f93e2c335459e72a312,65075,approved,2017-12-27 20:24:42,2017-12-27 20:35:30
9a886ac42ca6eb5571fbdd1bdd8be02e,88104,approved,2017-04-15 23:53:50,2017-04-16 1:05:16
0ab63e307694f40a88a0ecd358c0939d,7176,approved,2018-04-15 22:11:11,2018-04-17 5:50:27
f8ebe0a43498e8d689afbbfec4b3eaba,35960,approved,2017-09-11 15:39:11,2017-09-11 15:50:47
d2741de337666d1bb01913f415e6643f,5727,approved,2017-02-25 14:34:40,2017-02-25 14:50:18
f29d0fd6d4e6d5ce550e0b2f9335116c,7053,approved,2018-05-17 16:34:49,2018-05-19 2:59:02
d30680568af2e9f0aeba3420292df26d,14026,approved,2017-09-16 9:20:26,2017-09-16 9:35:12
2d8f8f85abccae68275f423d878f2b7e,30320,approved,2018-02-27 8:31:17,2018-02-28 9:56:35
cfd355e6233b9854f7decc72472f9c3e,38300,approved,2017-03-24 15:50:46,2017-03-25 2:32:36
fc66798245e4d173bcc7eb36eb72a278,18740,approved,2018-06-15 20:16:34,2018-06-15 20:41:15
1a7ee01992a69255a005e9db8a96d898,83085,approved,2017-05-31 20:57:49,2017-06-02 20:05:12
6ffdb56df83717770ba1d34001f4686a,89254,approved,2018-07-13 19:38:58,2018-07-13 19:45:10
d0d828105d7a6106d4b6cfd55607c278,5351,approved,2018-04-30 11:18:47,2018-04-30 11:35:38
d0d85933667e8a90939ca37947942b62,39406,approved,2017-03-08 19:55:23,2017-03-08 19:55:23
41de3b8bbb80e2cc80c8d446a752d2fb,14860,approved,2018-05-06 19:45:32,2018-05-08 4:54:49
be82da060fda4b85c7fe6ea6512f67e8,21310,approved,2017-05-02 16:35:06,2017-05-03 14:45:23
14676aebeb151a1fa4f20e8fc3544621,23970,approved,2018-02-17 16:39:44,2018-02-17 16:50:36
2f4545bda1b1c794a9a35a3fbe4257ba,79804,approved,2018-05-16 13:47:51,2018-05-16 14:55:29
e6c3435aca88a50c893f06b6b13e9242,5017,approved,2017-06-19 18:00:01,2017-06-19 18:10:19
5f69f6bf68dce110479aa0bb515b47c8,75388,approved,2017-11-26 11:20:27,2017-11-26 11:31:40
cafc9b2f7d35ec42bdb74347cc6e8a70,85808,approved,2018-01-19 0:48:30,2018-01-19 1:21:52
2978901accabf6eef42711d8133a62f1,60140,approved,2017-11-23 14:31:36,2017-11-23 14:49:06
fb4c699559386e0b6b970181177d99bd,72270,approved,2018-04-16 14:21:02,2018-04-16 14:35:18
a2ea081c06c12c25c068089e4985745a,2075,approved,2018-05-05 9:22:24,2018-05-05 9:39:09
7fd4d653725c9338a9c3eae892dbf616,96015,approved,2018-03-06 14:21:57,2018-03-06 15:00:24
0bb0dd89956cc5f44ff556c2189e7160,90010,approved,2017-06-20 13:08:17,2017-06-21 2:26:00
e2676f5f513bf595fcbd506999db7c26,22440,approved,2017-08-02 15:36:19,2017-08-03 3:06:30
3c9a3ff1e41cb58bb8a24ae6f6eea080,13323,approved,2018-04-28 22:02:50,2018-04-28 22:15:14
a4b79dbc2ad1b141dcc00a17f2450a11,30190,approved,2017-10-12 20:26:33,2017-10-12 20:36:27
376a342d70faa7a733b871acc701def8,13212,approved,2017-12-11 11:50:54,2017-12-11 11:58:24
acbe07f22f29ad7e5a78f30008cc6ec7,29307,approved,2017-11-18 14:33:04,2017-11-18 19:06:16
07fbc4f433fc8754c492bc6dfb0b1c52,12280,approved,2017-07-05 8:49:56,2017-07-05 17:41:46
16cb3a72f04e248a1244b076ce0d9bb7,60336,approved,2018-05-23 14:21:17,2018-05-23 14:37:15
6f36c999f8ef8d1a3a999079a5b637aa,11310,approved,2017-12-16 15:29:46,2017-12-16 15:49:52
cc66dee6fbc18bb79903c3a2cc14ff52,38408,approved,2018-04-12 14:37:29,2018-04-12 15:15:27
f15ee2f37da0500e278ec213c201edf3,37720,approved,2018-07-27 11:58:46,2018-07-28 18:35:13
14d68c5b215a31950340dc9cb3f73efe,24431,approved,2018-01-28 11:47:10,2018-01-28 12:00:34
b6a50dc1cfeb4ad7219d3577ab9a2454,5890,approved,2017-08-31 7:27:54,2017-09-01 2:15:13
446e20f85f1b9cf552376d6f31c983b2,3733,approved,2018-02-23 13:12:12,2018-02-27 5:31:00
6ccac061be472c84db514aca9acd26e0,83709,canceled,2017-12-11 7:50:11,2017-12-11 7:58:24
4a5cc9b4e332e03d76bf553a7f2fa5d3,11347,approved,2017-12-15 23:33:32,2017-12-18 0:33:04
555e4d40fb6beea866d46eb6a5a01b41,26272,approved,2017-09-17 18:52:44,2017-09-17 19:05:22
191a0013ee3ec32e27da5f85cf028081,5415,approved,2018-03-31 11:48:59,2018-03-31 12:35:11
1b00c4d80c81cdbc36487c96c6e92f07,59655,approved,2017-05-14 9:36:36,2017-05-16 3:22:50
eb1873ec4d6a2af1c0626a7d08bd9c09,4548,approved,2018-05-10 17:48:41,2018-05-10 18:17:57
38971812f1db9e4a30885e5574dcbe53,28010,approved,2018-06-24 13:38:07,2018-06-24 17:18:18
ee3fad68d0f56d60e91a2363ec879e44,13573,approved,2018-07-25 7:39:35,2018-07-25 7:50:10
cf771efcb04c578f9d3619f2632d8333,2175,approved,2018-02-12 17:33:54,2018-02-12 17:47:58
d3c64cf55752f7821e85e7ea9b9b3f30,37500,approved,2017-05-06 11:20:18,2017-05-06 11:30:19
37553832a3a89c9b2db59701c357ca67,90670,approved,2017-08-14 17:38:02,2017-08-17 0:15:18
3d34d8e3ea34d73617a75deea86ced48,9890,approved,2017-11-30 11:05:02,2017-11-30 11:13:21
de81104d0d1d1a5d4dd09e89a7ea4cd1,13321,approved,2017-02-10 16:37:55,2017-02-10 16:50:17
2d9ea2efa410b1efd6bbd47d126819b6,44380,denied,2018-02-19 0:38:22,2018-02-19 1:47:38
9f2ff91a3b8c4c34b7847c9c68971cfd,27700,approved,2018-08-24 9:55:31,2018-08-24 10:10:20
498a0b00b1c51a95e61baebf6379d76b,44033,approved,2018-07-20 11:28:33,2018-07-20 11:46:15
db115077a7bd949a515922eb40aea6c3,4537,approved,2018-07-23 11:30:12,2018-07-23 14:31:04
794f771a39b24c7c47aa9eb198f066ed,71540,approved,2017-11-26 13:24:33,2017-11-26 13:35:21
75d4b0b71e66d09b6070bd54c61e20fd,13569,approved,2017-11-19 20:06:12,2017-11-19 20:15:27
2cb414479754a8e1ed07eed0ccfc0778,5565,approved,2018-06-03 9:59:42,2018-06-03 10:49:57
b5e23127e5bc161906c1d23be69f7e16,3636,approved,2017-11-13 16:23:17,2017-11-13 16:56:00
afe207b8795179c5b29bc4c2f0052178,24120,approved,2017-11-30 15:27:05,2017-12-01 11:31:09
ac2b7c522d811acba0aa270ed3e112e4,24120,approved,2016-10-05 15:08:00,2016-10-06 15:44:26
1b99333d39cf95f48be3864b2e1e88b3,14409,approved,2017-05-23 20:19:03,2017-05-23 20:35:07
633dfa0c56ae5c0c7f2e90620ad55b2f,9790,approved,2018-06-22 13:43:19,2018-06-22 13:58:17
8a0b2bc5c7a1c524635f4de8bae9dffe,1151,approved,2017-11-23 22:27:55,2017-11-23 22:37:27
fa4c0ad484374bf0485f99f6a57255a5,8775,approved,2018-01-26 18:30:17,2018-01-26 18:52:02
54bc2449fbe0368b74470e4280fe494e,13056,approved,2018-04-24 13:35:49,2018-04-24 17:43:45
1f7ef4e37ca10d4ed60f43c7cf81e181,89254,approved,2017-12-15 21:32:23,2017-12-19 9:58:26
d5211af24819d319c02a285e7bb51750,4534,approved,2018-08-03 16:29:05,2018-08-03 16:45:15
db6a3a98e587a2b75215bf8f467d43ec,35182,approved,2017-12-01 21:39:03,2017-12-01 21:55:18
477ee3f21cb7374ecfa12433c30f53f5,81560,approved,2018-06-21 10:46:55,2018-06-21 11:01:15
15d086bbbae9b9e4b50c916c919479ed,30575,approved,2018-07-22 23:18:54,2018-07-24 11:32:16
0daf1f0e67b534ad873ba61c5d6ad7d3,39400,approved,2017-09-05 10:54:17,2017-09-06 11:03:50
234c056c50619f48da64f731c48242b4,20231,approved,2018-08-14 14:49:15,2018-08-15 3:15:15
62a56f9bfe98de42bcdbe6cc57284dfb,18682,approved,2018-08-08 1:23:58,2018-08-08 1:35:09
a11ebb9e9f1a018eea99fe7105f2d897,5704,approved,2018-07-18 18:42:47,2018-07-18 18:55:28
bb2dfe6031f35f7abc9a3c7dad5e4467,95110,approved,2017-01-22 14:09:03,2017-01-22 14:30:43
4dcc01481b7ab4f5f37c8eb4c4c67841,13412,approved,2018-04-08 13:20:21,2018-04-08 13:30:24
662823ed689412b9a2e5085620e06070,22750,approved,2018-03-15 15:57:24,2018-03-15 16:11:07
4380bb6c7d8375926bbea2c8b514dc8c,7124,approved,2018-01-29 21:09:10,2018-01-29 21:32:17
169f6274660e528484fd239aa7d27097,5416,approved,2017-06-27 17:58:14,2017-06-28 2:45:12
bfafa269a969ef03e5db5dc7d7a72471,68485,approved,2018-05-02 22:17:41,2018-05-03 22:13:10
a4163ebff79ff34a631c57d5350215ae,88034,approved,2018-03-30 20:27:16,2018-03-30 21:27:23
7b2f3756c235e93b2ad6330c54805401,74914,approved,2018-03-12 16:54:01,2018-03-12 18:00:56
a890088df39d4c062a07081527034784,5713,approved,2018-02-21 18:47:50,2018-02-21 18:55:31
476984a30a6929077bedabbefc98ce38,82820,approved,2018-06-20 16:44:28,2018-06-20 17:01:07
48b7d84507eb52608a007fde9d641daa,8225,approved,2018-05-07 15:38:06,2018-05-07 18:09:48
d0e9849de800fdb4cb3b5e6d42c6b367,9121,approved,2017-08-31 11:38:18,2017-09-01 2:30:13
7d1ac7d65c6b5d59a9ac241fa41da57d,74310,approved,2017-06-16 23:17:41,2017-06-16 23:30:10
4dadcd5f9e682c17fdc6dded70c048e0,4571,approved,2017-05-07 13:53:39,2017-05-07 14:05:12
8ad3f1d0f96992e43566c4c82c9f6c58,29311,approved,2018-07-17 21:25:29,2018-07-17 21:35:17
cdbe906438125d1d5bf88bb289f8ed61,5528,approved,2018-08-02 12:25:18,2018-08-02 13:15:22
1107e64e1795b6cf551a7044612e8bd8,12235,approved,2017-02-26 17:33:51,2017-02-26 17:45:14
e9280658289b5c5215dcc3b7183c0541,18130,approved,2017-10-24 9:13:05,2017-10-24 9:28:10
ca290a06ee0945b956f79c93b5191633,42800,approved,2018-04-09 22:02:30,2018-04-09 23:10:27
50fe82ce977520094518dd8618d7331a,27525,approved,2018-05-24 18:32:11,2018-05-24 18:54:28
443a73a22cd4e0078a47c275b358b786,81750,approved,2018-05-16 12:22:12,2018-05-16 12:39:38
d3ca7b82c922817b06e5ca21165c5ea2,13175,approved,2017-11-16 13:54:08,2017-11-16 14:08:23
962debbd5f682617761de8b0f7789bc5,7170,approved,2017-06-05 8:45:30,2017-06-05 8:55:16
d57e15fb07fd180f06ab3926b39edcd2,93415,approved,2018-01-08 19:39:03,2018-01-09 7:26:08
d8e2d2a26010eb732a91d8b6952e2c9e,65075,approved,2018-01-11 12:20:07,2018-01-12 2:35:45
f6f6a68d78c7dd4b319f6df3c846094b,88104,approved,2018-04-13 12:10:45,2018-04-13 13:15:45
9d047c83463a30fcc3f2b361d9a33d2f,7176,approved,2018-04-06 19:17:22,2018-04-06 19:30:14
6a6c7d523fd59eb5bbefc007331af717,35960,approved,2017-11-24 20:09:33,2017-11-24 23:15:15
0d5cbb8e4c1c7a7fc26899126197a6b9,5727,approved,2018-06-27 11:57:05,2018-06-27 12:08:25
c1f0e475378c6500b5907a2134bda1da,7053,approved,2017-10-18 15:53:45,2017-10-18 16:07:43
80d36d94a5ac668fd0479b5e848207c9,14026,approved,2017-11-16 17:01:14,2017-11-16 17:16:09
e91398c99556f8519e116e6ca4f774e1,30320,approved,2018-03-21 15:30:57,2018-03-21 15:48:35
7d219bd2feeb13ad311a00db33c06a3c,38300,approved,2017-05-25 13:50:11,2017-05-25 14:02:20
c9c52a849ead8fc8b85d828ae740ec78,18740,approved,2017-11-28 0:34:46,2017-11-28 1:31:28
76a1ee4ee17ea3b77f3c483c0a73e9c1,83085,approved,2017-08-05 14:39:14,2017-08-05 14:55:13
3ec275bc012162de739c7ab6dcf11677,89254,approved,2017-08-20 11:07:39,2017-08-20 11:25:05
3c333445207b077f35c9e81a7e7c7273,5351,approved,2018-07-13 13:42:50,2018-07-13 14:50:13
682fba8f9ac0c164d162ff702d6bcc23,39406,approved,2017-12-05 15:24:25,2017-12-06 2:35:35
e897d96adf4da16805cd6faf2913ce48,14860,approved,2017-05-06 12:28:42,2017-05-06 13:02:28
1a4cc55b483d875e3b8bbd64a1b31bba,21310,approved,2018-04-12 14:05:08,2018-04-13 12:55:48
58b198357d2b68044f885a370a585ff3,23970,approved,2017-04-15 22:00:21,2017-04-15 22:15:10
4190ab61a7fced69f3ee84d1da1120cc,79804,approved,2017-12-08 11:38:00,2017-12-09 2:36:21
0d13e311818a800d01cd46fb35dd3c27,5017,approved,2017-03-29 23:16:20,2017-03-29 23:25:13
a06c43ed81f5c604287461f4d21949ce,75388,approved,2017-10-24 17:39:10,2017-10-24 17:56:20
f3c916d220c67cd493a09b5bb17bfc23,85808,approved,2018-03-23 16:39:38,2018-03-23 16:50:56
ccd7d6d23c5d29de6367dd5332aab16d,60140,approved,2017-06-05 11:44:22,2017-06-05 11:55:15
919a615149354b4e074eff65adaeae81,72270,approved,2017-12-28 18:40:56,2017-12-28 20:08:04
49e76d6a1b1f9ff4d04f85b2304ad378,2075,approved,2018-01-26 15:52:15,2018-01-26 16:19:16
ed24759a0ae96582e88fdca0c0997d22,96015,approved,2018-03-24 11:58:06,2018-03-24 12:08:19
27a78fdbe7b915a0596af3a5803a41cb,90010,approved,2018-05-14 16:18:26,2018-05-14 16:36:58
d118d545516947d2d82fda28e9d631af,22440,approved,2017-08-02 13:18:30,2017-08-02 13:30:13
f343624eab419250ad81f1ce6be22c93,13323,approved,2017-03-07 11:47:20,2017-03-07 11:55:18
1d5b194c01e762aa59a47ae8dca7199f,30190,approved,2017-06-10 18:02:25,2017-06-11 18:02:36
f98ae4bbfd1a32ea2104c8cf1f64dabf,13212,approved,2018-02-25 18:53:53,2018-02-25 19:07:29
7209ce21354cff1e1957b42ea0a76cd1,29307,approved,2018-01-11 22:59:49,2018-01-11 23:10:26
0132451f29a10b66a5cf1bacc85f9afe,12280,approved,2017-11-08 17:08:56,2017-11-09 17:08:27
f9f15e02ed74cf8a21b8266a55498942,60336,approved,2017-10-12 21:46:31,2017-10-12 21:56:20
d445a6e277eaa62900bc18d453d96d76,11310,approved,2017-08-03 10:39:39,2017-08-03 10:50:24
e55e8c9f6f33a8562db1430444f22092,38408,approved,2018-06-13 11:29:48,2018-06-14 2:17:48
bd5c9d506fee7419ee3c669d0123a067,37720,approved,2017-03-25 23:51:57,2017-03-26 1:05:12
1f69e4870ffb8313df2fef3df0af2718,24431,approved,2018-03-06 17:12:14,2018-03-07 10:29:08
a236ae70310b60403c3adac81f96d5e6,5890,approved,2018-07-16 23:40:37,2018-07-17 0:35:16
673426deedf113369fd0f139e97ed084,3733,approved,2017-07-10 20:58:17,2017-07-12 2:10:49
64ea4c51ad1203229ba011693f35da54,83709,approved,2018-01-29 13:09:31,2018-01-29 13:30:16
fbbd2907c49e21c3c105257b12772380,11347,approved,2017-10-22 16:11:06,2017-10-22 16:21:22
47cdb12caf2067098633bc9a0d3679f7,26272,approved,2018-06-24 11:32:26,2018-06-24 11:58:02
aa2e81559d88cca16ac122e7627078c8,5415,approved,2017-03-27 14:04:58,2017-03-27 14:15:21
c0e6116a3c6c2d732ec1b43bb7b5f307,59655,approved,2017-10-27 19:00:02,2017-10-27 19:15:19
fe91d55ea129eb6d5a2d5fc82bcacbd0,4548,approved,2018-07-16 8:52:35,2018-07-16 9:04:17
a33e52fbf9a20b226a588f30d9aab612,28010,approved,2018-01-11 18:37:55,2018-01-11 18:49:22
fdbd371c335ecb94ccb8a65c37d8ebba,13573,approved,2017-12-25 20:14:34,2017-12-25 20:28:19
c788aeedf593229d4ee84e790c2e5483,2175,approved,2017-03-05 22:44:58,2017-03-05 22:55:40
c4d5588c1ee36814fc302422334e67f5,37500,approved,2017-12-17 11:25:52,2017-12-17 11:32:26
dd6d0f11a9c3d2abdc91e95b9598b332,90670,approved,2018-01-11 21:42:30,2018-01-13 19:30:09
61e7365ad2e2ce5a3dbf650586623b7f,9890,approved,2018-08-14 16:20:40,2018-08-14 16:30:18
18905a8655f8255bf50d2eeadce2641e,13321,approved,2018-01-25 23:32:16,2018-01-27 2:52:27
4ef04edb491b8cc23eabe782ced6715c,44380,approved,2018-01-19 9:51:37,2018-01-20 12:51:00
af500adf58ab55b8bdd27be8cf81aeba,27700,approved,2018-05-21 12:21:48,2018-05-22 9:36:22
ca0400dec2c292340c373e63b1c2c597,44033,approved,2017-11-28 10:27:09,2017-11-28 10:40:55
965c963c874eedc47cd261cbe057121b,4537,approved,2018-06-16 19:48:05,2018-06-16 20:18:50
305b0101ce8f8fd2d7b32f7480340018,71540,approved,2017-04-30 18:34:22,2017-04-30 18:45:15
c5d58ec8e7e7184d9a9d42b75ffa002d,13569,approved,2017-02-12 12:30:04,2017-02-12 13:02:08
911fba382ab724c847ae5577e47949d4,5565,approved,2018-02-27 10:31:04,2018-02-28 10:50:10
ee43d4bf4491386fa4837c502b9c3f4e,3636,approved,2017-03-07 6:35:43,2017-03-07 6:45:09
06bafdd8b6d0b5befb44337a7674a1ec,24120,approved,2018-02-10 11:48:42,2018-02-10 12:07:44
492bed007520827cbed51959e4ce4385,24120,approved,2018-05-28 12:53:12,2018-05-28 13:14:03
df82ea7ca7f0f799161e0fd92c3ab96a,14409,approved,2018-05-14 11:28:58,2018-05-14 11:58:12
bd3f8b3f4ff1469c0709218f7fde9fe8,9790,approved,2017-11-13 11:16:06,2017-11-14 4:06:46
b23b43e19386862a7c0aaa27c80e782f,1151,approved,2018-04-12 9:52:07,2018-04-13 12:55:32
5f674c43ef69fe052df34f1519f7bc12,8775,approved,2017-10-25 18:57:29,2017-10-25 19:07:39
d965c84427fa1d6daad237adfbf75554,13056,approved,2017-11-17 13:00:10,2017-11-22 2:40:02
7d7b903bbd7d3b762ad60115c30185f2,89254,approved,2017-08-14 21:13:44,2017-08-14 22:05:27
0197cb265e2c84b9f89dfd784095d2f6,4534,approved,2017-12-21 20:55:24,2017-12-23 2:12:41
103355b1bc5b63508c20e2b7eeb58961,35182,approved,2017-03-01 18:29:06,2017-03-01 18:41:59
6be749c0e984143242faa174d084889f,81560,approved,2018-08-10 8:35:14,2018-08-10 8:50:10
d2b9580c38485b5aa4eb815c689c3164,30575,approved,2017-07-19 16:45:17,2017-07-21 2:50:48
90855e99e15fa22aff68cdb4323b27c9,39400,approved,2018-07-18 21:37:46,2018-07-18 21:50:23
f3c95cc4d7074e5b709ac1a9c10dea1c,20231,approved,2017-01-22 16:10:09,2017-01-23 20:55:19
802ee584365ed44c00f4207fb17ae67b,18682,approved,2018-07-23 10:11:13,2018-07-23 13:20:17
75d1b089800a77f3c4b653e297632423,5704,approved,2018-08-14 11:16:44,2018-08-14 11:44:06
c761a8b74f1e876bc5efc4186f720e27,95110,approved,2017-04-03 19:07:32,2017-04-03 19:22:45
6d60cc495dfb5a5851f56f188c4e4059,13412,approved,2017-04-20 21:03:10,2017-04-20 21:15:11
746347ecc5cc9cb88a346545608fb635,22750,approved,2017-07-26 13:47:20,2017-07-26 14:03:01
6051e6d3da9a50b7325cbe9c81025062,7124,approved,2018-07-03 23:40:16,2018-07-05 16:31:26
f9ca536e1ef897f153c183d72ba141bb,5416,approved,2018-04-05 18:34:49,2018-04-05 18:50:14
99fe1f54d97630a40c549779ea00e8c9,68485,approved,2017-05-16 21:30:59,2017-05-16 21:45:16
03f83b59e7c7355647462745b18119f1,88034,approved,2017-07-14 16:49:26,2017-07-18 6:03:49
88c588c116fd06fb8e48dd83af88ec4a,74914,approved,2017-11-19 13:23:27,2017-11-19 13:35:26
cf1bc456a0d5c63bb6c94d3b8b2c56e7,5713,approved,2017-09-06 10:15:27,2017-09-09 6:34:59
4f38a875c972c4803a792f62b999b4cd,82820,approved,2018-05-28 10:31:05,2018-05-28 10:53:35
3bbbeac55063ea854a8b5d32a2cbf8b0,8225,approved,2018-06-09 18:56:00,2018-06-09 19:11:01
1d767ef13195f2cb3337b6b077e1f752,9121,approved,2018-07-23 14:56:35,2018-07-23 16:05:15
46f3c70ec2c3e58a0c126aeb5d10d9b9,74310,approved,2017-09-11 19:42:40,2017-09-11 19:50:23
7ab9c55c59eaeea579d047e2d8aaed81,4571,approved,2017-01-22 13:04:20,2017-01-25 2:55:21
20a6605d8265ca357d15eaf4f6710f63,29311,approved,2017-05-14 14:56:41,2017-05-14 15:10:13
8e96f3e6633f7601ec50f3a904c3a3a2,5528,approved,2017-08-28 18:43:50,2017-08-28 18:55:17
d8917c684fbf577ca5d76423b29f29da,12235,approved,2018-06-30 19:46:13,2018-06-30 19:55:10
6a3cdd7762dfe7bfa407496303097855,18130,approved,2018-03-17 12:39:10,2018-03-17 12:50:30
f312113915f8f85b447cbbb41a3bda73,42800,approved,2017-08-10 13:51:49,2017-08-11 6:45:09
95d9d2979d40161be87292ff88563cba,27525,approved,2018-06-07 23:42:37,2018-06-07 23:53:58
263ba12390d0fbce329dd16da8cd20f8,81750,approved,2018-06-20 9:46:53,2018-06-20 10:21:32
a9b151f0c0471d9b2534fa73c9c0e123,13175,approved,2017-03-09 16:18:47,2017-03-09 16:18:47
ddb0d201c7d2c8ce0e966d98128d16e9,7170,approved,2017-10-01 10:11:40,2017-10-01 10:24:04
1446390485bfa8ea593dbd273d725218,93415,approved,2018-01-10 13:58:09,2018-01-10 14:09:26
eea0eb694d4eb8ffa2ed9279f4c348e5,65075,approved,2018-03-08 16:00:56,2018-03-08 17:00:37
b323a1bf3949211f3d9fbc43772534e6,88104,approved,2018-05-07 10:59:47,2018-05-07 17:56:21
93483f560d46ab6fb3fbf571c59d78dd,7176,approved,2017-12-17 22:49:34,2017-12-17 23:53:53
f644267f332fbcb9fe143fbb7478441c,35960,approved,2017-11-24 22:21:21,2017-11-28 3:44:52
351126ee473c51592cb591efea295181,5727,approved,2018-06-28 22:11:43,2018-06-29 08:35:16
3d4359c9a8031f632995e7923608dd4d,7053,approved,2018-07-27 15:25:51,2018-07-27 15:35:19
6c12feac9a308e1382d9b19cca7f20b2,14026,approved,2017-05-05 13:48:37,2017-05-05 14:02:30
cc06813c8d9909633f390ed9b5df999f,30320,approved,2018-04-14 18:31:02,2018-04-14 18:52:37
9a40a61b2f04271f655c7423a3fb82a7,38300,approved,2018-03-27 15:55:38,2018-03-29 8:27:08
14986dd5b5dc6b4203bda6666311e4d0,18740,approved,2018-08-25 22:17:18,2018-08-25 22:30:10
338d39656f66d84fdf7b2d9b578121bf,83085,approved,2017-06-17 16:54:26,2017-06-17 17:10:17
a027919471097ed720c04340e1495e1c,89254,approved,2017-11-24 21:04:41,2017-11-25 1:31:23
db2351cb5d7dbd5c45ac607d32f2cb9b,5351,approved,2018-01-25 11:11:12,2018-01-26 3:16:31
a678d97aa95d0393384c211a82455e50,39406,approved,2017-06-06 0:11:09,2017-06-07 2:30:13
7ce20b22753ccc86fdb3b6f7efefcc75,14860,approved,2018-07-25 13:25:20,2018-07-25 13:35:14
f083654dfd0f9ad9ae0356bf7c68f246,21310,approved,2017-07-23 17:53:00,2017-07-23 18:05:25
53239db74c7835641f106ef90b3d0100,23970,approved,2017-07-11 17:46:45,2017-07-11 17:55:20
7297f6bfea2a33ef176cff30f467aa41,79804,approved,2018-04-16 13:44:10,2018-04-16 14:33:17
9855054362f487c4f25172bd0b8a44cf,5017,approved,2018-08-15 16:30:22,2018-08-15 17:04:00
95bf775f5db872acb7ac9cf5cdbbc292,75388,approved,2018-07-16 11:56:49,2018-07-16 12:10:11
563404de47cdc6763e7eced487016b66,85808,approved,2018-01-02 17:46:40,2018-01-02 17:56:43
bcdbca456c84595f3dadfbef9eeeaf51,60140,approved,2017-04-03 22:19:08,2017-04-03 22:30:18
2ba4074f243f2ec78961779a7c89b1c3,72270,approved,2017-06-24 17:11:53,2017-06-27 3:45:23
b2908d9328eb32bdb9b7ac1e197c05fe,2075,approved,2017-10-27 12:07:08,2017-10-27 12:28:41
a69bb719ee2c8b4a25bf1a1a5f3ae686,96015,approved,2018-06-13 9:46:14,2018-06-13 9:57:08
02610d88ac343ed64988d2706ce3ebfd,90010,approved,2018-02-04 19:34:05,2018-02-06 4:33:11
00bdcdda88e6b02977fc6ce3d412c600,22440,approved,2018-06-12 9:51:55,2018-06-12 10:21:14
b5ae10bf67afb6e14718789096f22787,13323,approved,2018-08-12 19:28:01,2018-08-12 19:45:23
f7fd9088963ee4f442fd642219d80fb5,30190,approved,2018-04-23 10:50:18,2018-04-24 19:23:22
bb2e64c3040ceb9b7ca2bfc602adca08,13212,approved,2017-11-03 11:29:00,2017-11-04 11:25:22
39e9813f11fbc948f71cfaf189976662,29307,approved,2017-04-24 9:37:26,2017-04-26 9:37:59
895e066de0072faddf0044db8e490353,12280,approved,2018-04-03 15:03:21,2018-04-04 9:48:58
3dddd02cc38fbaa0a544a1e928aee40e,60336,approved,2018-05-17 16:46:58,2018-05-18 16:58:18
96f182413ae321e91ee91f3e422c6416,11310,approved,2017-03-15 15:54:53,2017-03-15 15:54:53
eba18dfa91e31cf748f9f52b779f9ae8,38408,approved,2017-11-14 8:13:32,2017-11-14 8:26:37
5f071a8534fb6805fa6ec902f04219e4,37720,approved,2018-08-20 20:28:26,2018-08-20 20:50:06
a41753c6a1d8accb89732e36243432d7,24431,approved,2017-05-12 10:51:43,2017-05-12 11:05:13
d0a72f8bcc1f2045167eaa548647e77c,5890,approved,2018-07-03 10:03:33,2018-07-05 16:16:24
1ac605c3c8e2ee53279c7b0bd52c6aec,3733,approved,2018-03-08 9:26:27,2018-03-08 10:08:48
a17fec30c4ce5a766edee3f4c7701c0f,83709,approved,2017-03-25 19:13:03,2017-03-25 19:25:18
0917636d789ce3b3eac37895935af5c2,11347,approved,2017-11-24 22:09:42,2017-11-25 1:31:35
9c1becadc6a0c6445eb02167b8d1bbff,26272,approved,2017-09-08 10:57:39,2017-09-08 11:05:18
675bc8cd15e6b9225582b9161288670f,5415,approved,2018-08-25 23:32:01,2018-08-25 23:45:14
9dc9f2ae74e006656a3312dd31e76b5f,59655,approved,2018-02-18 0:10:50,2018-02-18 0:26:32
cfb361b2049fa0ddeb6ca3959fa0767d,4548,approved,2018-08-20 23:06:39,2018-08-20 23:15:15
9370fc845feb5045400765a17c075cae,28010,approved,2018-02-07 8:04:29,2018-02-08 7:35:58
b26eb89dfb4e2d970274ef0c668fd43a,13573,approved,2018-03-17 19:59:25,2018-03-17 20:16:07
61898b3ad4d51459e014bc6d4c2e7166,2175,approved,2018-06-10 15:44:20,2018-06-11 16:42:16
f76b895a9902ad634abed7eec3211a10,37500,approved,2018-05-10 11:04:45,2018-05-10 11:36:17
b9f23a5c0cbae81d8a326804b0c7513d,90670,approved,2018-02-19 19:18:16,2018-02-20 7:27:16
0ae7144116fa718b3bb90cd8d855713a,9890,approved,2017-04-18 16:00:31,2017-04-20 2:55:33
84398110dbaecfbc9ef3dc592c6b189b,13321,approved,2017-04-12 2:16:32,2017-04-12 2:25:12
c09652e16426e2ecbb85f2617192904a,44380,approved,2017-10-29 23:44:13,2017-10-31 4:15:17
6f209510f34ce1a8c89d11273039981d,27700,approved,2018-05-12 9:58:38,2018-05-12 10:12:15
16e62e9da7d33d61b6f26ccf68bc962c,44033,approved,2018-02-21 13:48:55,2018-02-23 2:08:59
80b0f4fc350532f6e0ce9aa81ccde91c,4537,approved,2018-03-01 16:51:27,2018-03-01 17:09:42
0b50bea7ba1e8ba7a21b01b7c9d1350b,71540,approved,2017-10-25 10:03:39,2017-10-25 10:14:27
8ac7bcd85522aa82e2d89d27ea9cb818,13569,approved,2018-03-23 20:57:50,2018-03-23 21:08:15
6a4b06a2b62d1f2c69cf1f7a4eae074a,5565,approved,2018-04-13 21:18:46,2018-04-13 21:50:57
6abaa1126b7b6ae01eb168ec3da96dac,3636,approved,2018-06-16 19:42:55,2018-06-16 19:58:28
f2e97c3464ad5fb53d6be7afcd0e3eaa,24120,approved,2017-07-29 12:18:53,2017-07-29 12:35:14
045c9852284420b9c02d156436e1481c,24120,approved,2018-05-16 16:38:10,2018-05-16 16:57:04
3bb580c88504df63102b61f70164fb75,14409,approved,2017-09-14 19:12:49,2017-09-14 19:25:18
1c5998a66da200447c5cbb528969a95a,9790,approved,2018-01-17 7:22:36,2018-01-17 7:29:51
4edca0186e467f58fe99ab648f604ce8,1151,approved,2018-03-14 15:55:57,2018-03-14 16:10:39
714e2644ab665027234ed7a6b3e82274,8775,approved,2017-08-11 8:41:43,2017-08-11 8:55:06
d16d35b47ec2d842e3846a4c7f4586d0,13056,approved,2017-04-04 13:15:05,2017-04-04 13:25:20
54912035e047f9834df97cdfef0d2768,89254,approved,2018-05-13 19:57:13,2018-05-15 4:52:38
9e5e54c4be8f6625005c76b7f8801ee8,4534,approved,2017-03-31 11:30:55,2017-03-31 11:42:29
c7172e1a6b8de65fbc6e9e77afda672d,35182,approved,2018-02-01 17:15:54,2018-02-01 17:33:10
56472b840118d1bfb244c6cb42581ae6,81560,approved,2018-04-20 12:53:58,2018-04-24 19:00:05
fd180ff2363b236f823a4fa8a2a729f1,30575,approved,2017-05-18 9:34:58,2017-05-18 9:45:14
7c3e6d9d783f5fb5927a500abf1cfbaf,39400,approved,2018-08-22 1:35:54,2018-08-23 1:30:12
44fdca9e41cfd8248c3ac1e369447eff,20231,approved,2018-07-02 14:20:11,2018-07-02 14:30:40
90e4c72e836cb3e0bea6a31fd981a346,18682,approved,2017-08-24 19:35:00,2017-08-26 11:50:13
c6174e20db037528301ee8eaf325a469,5704,approved,2017-11-07 9:23:40,2017-11-07 9:35:32
eb366fe32c33e3b4037e9c3290b3ecec,95110,approved,2017-11-20 16:35:55,2017-11-20 16:47:01
8dbdb81783a3c754dc9441826510a36a,13412,approved,2018-08-10 14:54:25,2018-08-10 15:10:27
8b37f436aea079bd73bbcbe103d14a0b,22750,approved,2018-01-24 20:07:10,2018-01-24 20:19:22
5713bef560364e39ec1630ff62449492,7124,approved,2018-02-16 20:16:34,2018-02-20 7:15:29
5a88502f6bbc1f8c972aa98c64830616,5416,approved,2018-01-31 21:04:47,2018-01-31 21:15:26
5d7f0dc1e401127edfe8b79e174a52c8,68485,approved,2017-10-13 10:15:28,2017-10-13 10:28:15
97d3d89c5b932c10e6d3d4d8c2ba7dd3,88034,approved,2017-11-24 15:54:35,2017-11-24 19:33:08
06ad94997dd34a7c2186b82d8e9be6a5,74914,approved,2017-06-15 16:02:23,2017-06-17 3:48:11
99fa6518deac14b2890b49d1645d64be,5713,approved,2017-12-01 9:21:49,2017-12-01 11:31:59
efe9bd98be3cb5cb5c87e7ca27abe613,82820,approved,2018-01-21 13:28:36,2018-01-23 3:52:57
83d47a55a238c75386e31ef70f5d8b45,8225,approved,2018-02-01 14:44:21,2018-02-01 14:55:28
cd81fccdeffb11e33de701e2c53c85c6,9121,approved,2018-04-26 22:47:26,2018-04-26 22:55:14
7ebe19943d85e81a7b0eb108681276b7,74310,approved,2018-07-22 10:28:14,2018-07-23 11:31:43
2b0ff3c2ec4265091bba2e1e5d9aa762,4571,approved,2017-05-14 19:00:05,2017-05-14 19:10:18
114e12eca60507f3e3153182f258684d,29311,approved,2017-08-15 11:14:25,2017-08-16 3:26:11
db0b67b642c6fdc947608f6b2108f802,5528,approved,2018-01-28 15:50:29,2018-01-30 4:31:29
1133f2dfc033ba92bf6c470b20f6f332,12235,approved,2018-05-21 13:31:41,2018-05-22 7:55:10
275950acf4956dfc3d23514eb61f1d9b,18130,approved,2018-02-14 16:38:58,2018-02-14 16:50:37
f5218a2401f92542f87b1de5bc3f92ff,42800,approved,2018-03-02 11:04:18,2018-03-02 11:15:45
e311f8fc30348d6213964a43f70f87fb,27525,approved,2018-04-17 16:54:48,2018-04-17 17:10:42
747996a66f5aa711deb8ae58f5ae46a0,81750,approved,2017-01-05 15:25:10,2017-01-07 3:44:28
f396e1280028fa9c8c83111abee5f2e9,13175,approved,2018-07-13 20:58:24,2018-07-17 4:31:53
08763574782690116475ea62ffdecadb,7170,approved,2017-11-28 7:50:35,2017-11-28 7:59:26
87afd3fd1ec1b984a228c772b5dd2a4c,93415,approved,2018-06-06 21:48:46,2018-06-06 22:12:13
2d816b6a11ddd3843f307d1333321091,65075,approved,2017-08-22 18:53:15,2017-08-22 19:06:03
0f02ea56e4c9e7d30adb19a0c3e07b02,88104,approved,2018-02-28 23:42:55,2018-03-02 2:15:27
97fdf3115437c18e71138bdaa80ec60b,7176,approved,2017-07-26 11:29:35,2017-07-27 11:25:23
bceafe41324f7de517b199a7b4e2a074,35960,approved,2017-08-06 23:40:08,2017-08-06 23:55:16
86e6162676905a8c6ad0bcbd7df8debe,5727,approved,2017-07-16 9:15:31,2017-07-16 9:25:08
91d7491c6b0eada151a7e307697841bc,7053,approved,2018-08-17 7:59:51,2018-08-18 7:55:16
dd480c63548e3c0b7219520e3784ebd2,14026,approved,2017-01-26 16:25:36,2017-01-26 16:35:22
8cd615f11b504c1ea4ea2d07e7ac2930,30320,approved,2018-03-16 13:57:53,2018-03-16 14:10:57
a2fc0d6559cd85b95e1a02c8d97d55ec,38300,approved,2018-04-18 9:55:14,2018-04-18 10:11:00
a1ba9164e568e28f6977c343fb78e9b1,18740,approved,2018-03-11 22:14:38,2018-03-11 22:28:09
09bb35a3939c3181b4a5619cb3918976,83085,approved,2017-11-26 3:42:06,2017-11-26 3:51:10
760312f5735ee281f01e56d5ddee05e3,89254,approved,2018-06-11 15:32:06,2018-06-11 16:00:43
eb7aac057d7c17adb860b770451ae250,5351,approved,2017-02-02 23:24:24,2017-02-02 23:35:17
b9383cd99539eb0ccb11ab1a62bd0621,39406,approved,2018-08-02 20:38:59,2018-08-02 20:50:19
92a9ef7f0a0d392c9ad0d5f44e86b4ba,14860,approved,2018-03-25 16:43:56,2018-03-25 16:55:50
dcc3610bd6745b8ec0d84354631fbd3d,21310,approved,2018-07-22 20:04:02,2018-07-24 11:31:40
939e85580cc5404abd2ba9df25330fb8,23970,approved,2017-07-10 18:12:09,2017-07-10 18:25:20
d8a7be3bdd16ebaf4601bc8252f54a08,79804,approved,2018-08-14 1:13:48,2018-08-14 1:25:13
a062c240bb299fa3f0ce55cf05ec8390,5017,approved,2018-07-13 19:00:27,2018-07-13 19:10:22
59a0b1e1b934789d033dfb98797d9d34,75388,approved,2017-07-20 23:51:43,2017-07-22 2:15:47
af42887f85d980291a066176c4d13709,85808,approved,2017-06-18 19:51:54,2017-06-20 10:35:28
0adf4c5c9a1399ceefdb7ba880df1ca7,60140,approved,2017-02-22 13:22:13,2017-02-22 13:30:16
7e3f9f89f31e57c84fe4ef9a5bb9bc1e,72270,approved,2017-08-26 12:43:02,2017-08-26 12:55:19
32931b358e8eb9042cf278a4e233321f,2075,approved,2017-07-02 19:37:07,2017-07-04 4:45:13
83ea47ad24b5fce57aa5ade0fd069c94,96015,approved,2017-09-26 1:25:02,2017-09-27 12:49:12
1f3fcd02b6ab99b6b499dcd412076175,90010,approved,2017-07-17 13:51:31,2017-07-18 6:35:12
1cbcc355e275e5143ab1dbf260ca14f1,22440,approved,2017-03-12 19:04:41,2017-03-12 19:04:41
28b2d19e3d604381f30089a68a4e0831,13323,approved,2018-04-29 14:31:40,2018-04-29 14:53:31
568b0f8bb1f7efe803f006abfd707e5e,30190,approved,2018-02-26 11:06:56,2018-02-26 11:15:34
ee038389c9f437f7c0e2d1b105a26038,13212,approved,2017-07-02 12:03:31,2017-07-02 12:15:19
5711d8a02451fd508dc8911ee1fb4ac9,29307,approved,2017-10-27 16:44:14,2017-10-27 16:55:24
9b2fa9acfe395734a133a58bcbfb9776,12280,approved,2018-04-25 1:03:27,2018-04-25 1:15:08
7535955a5fee70328e9fe079653e03f1,60336,approved,2017-04-30 14:48:53,2017-04-30 15:02:33
54d591a90dbfa19ae578252a9b5a2720,11310,approved,2018-05-30 17:38:11,2018-05-30 17:58:05
06875ab72c5b9bb2eb303a70031bfeb0,38408,approved,2018-01-11 20:04:57,2018-01-11 20:15:47
4f32c93f66aadbd682294f5cedde7c18,37720,approved,2018-03-10 16:15:17,2018-03-10 17:07:54
8736140c61ea584cb4250074756d8f3b,24431,approved,2017-08-10 13:35:55,2017-08-10 13:50:09
39ca4fbb87367cf7440fc32125b86202,5890,approved,2017-04-24 20:32:15,2017-04-24 20:45:16
c9205528d5e1b823f414b4f15314c03f,3733,approved,2017-08-21 19:33:15,2017-08-23 2:47:28
25b6b32773813a83fe535d412fa6e805,83709,approved,2017-11-26 17:47:17,2017-11-26 17:55:23
d262943abbea3ae2db6528a4261ba247,11347,approved,2018-04-02 16:10:57,2018-04-03 17:10:29
50c67fc0ce3ee7959b7dfeeabfbe6b78,26272,approved,2017-11-27 17:19:58,2017-11-29 18:10:32
e5e7f892785fbe21a339bcd77efdae86,5415,approved,2017-12-01 20:48:11,2017-12-01 21:24:08
54c48a1401020a79d5d52ff20cb07aa7,59655,approved,2017-04-06 13:45:15,2017-04-06 14:03:14
4652332a6a0d39960cdec082ef7b52b8,4548,approved,2018-05-25 13:28:45,2018-05-25 13:53:54
0f93b20928bc59f8571a39b03ed0c1bb,28010,approved,2017-09-25 9:48:34,2017-09-25 10:04:02
eb79e3366c1e8ef5a331f96b5c73995f,13573,approved,2017-09-04 11:39:25,2017-09-06 2:55:33
444ebbf5602b5acdad22e0b4a9951bda,2175,approved,2017-11-29 11:24:18,2017-11-29 11:37:34
0acdae809654a2de1235d18a12cf73f3,37500,approved,2018-06-14 11:29:22,2018-06-14 12:19:40
38097aba0f729783af8bf48eabf5e496,90670,approved,2018-05-01 13:44:06,2018-05-01 14:16:59
a3a3b0aaa23eddcb93f63fad71f13391,9890,approved,2017-09-12 8:16:19,2017-09-12 8:30:25
a82922658c32130591989ddab7111ed6,13321,approved,2017-11-02 9:30:52,2017-11-02 9:45:18
b436fd24a04e7267307e1d900faa8eb1,44380,approved,2018-05-30 12:58:00,2018-05-30 13:09:18
91c75b7ba1ec17918b96773bc0f8f443,27700,approved,2017-05-05 13:35:44,2017-05-05 13:50:15
ef5b03340b5839974405018a62e03f29,44033,approved,2018-05-04 16:08:55,2018-05-08 4:55:20
674b530698f9bd8a9167b30ed86bd51d,4537,approved,2017-06-02 10:18:35,2017-06-02 10:30:19
97c6f98cd025659444b815df5050d8d7,71540,approved,2017-09-12 17:49:55,2017-09-13 17:55:29
e2493d49c7ac426207fb7575814ebbd4,13569,approved,2017-12-04 17:16:55,2017-12-04 18:30:31
be6e034d294e425c514e215bf0b7120a,5565,approved,2017-05-22 15:57:42,2017-05-22 16:05:19
777ee9a9950b655601a65012d4e45584,3636,approved,2017-10-08 14:53:58,2017-10-08 15:07:11
f056d4857c146c38ff02566b3e152bca,24120,approved,2018-05-17 16:37:03,2018-05-18 2:54:16